ID	County	State
1001	Autauga	Alabama
1003	Baldwin	Alabama
1005	Barbour	Alabama
1007	Bibb	Alabama
1009	Blount	Alabama
1011	Bullock	Alabama
1013	Butler	Alabama
1015	Calhoun	Alabama
1017	Chambers	Alabama
1019	Cherokee	Alabama
1021	Chilton	Alabama
1023	Choctaw	Alabama
1025	Clarke	Alabama
1027	Clay	Alabama
1029	Cleburne	Alabama
1031	Coffee	Alabama
1033	Colbert	Alabama
1035	Conecuh	Alabama
1037	Coosa	Alabama
1039	Covington	Alabama
1041	Crenshaw	Alabama
1043	Cullman	Alabama
1045	Dale	Alabama
1047	Dallas	Alabama
1049	DeKalb	Alabama
1051	Elmore	Alabama
1053	Escambia	Alabama
1055	Etowah	Alabama
1057	Fayette	Alabama
1059	Franklin	Alabama
1061	Geneva	Alabama
1063	Greene	Alabama
1065	Hale	Alabama
1067	Henry	Alabama
1069	Houston	Alabama
1071	Jackson	Alabama
1073	Jefferson	Alabama
1075	Lamar	Alabama
1077	Lauderdale	Alabama
1079	Lawrence	Alabama
1081	Lee	Alabama
1083	Limestone	Alabama
1085	Lowndes	Alabama
1087	Macon	Alabama
1089	Madison	Alabama
1091	Marengo	Alabama
1093	Marion	Alabama
1095	Marshall	Alabama
1097	Mobile	Alabama
1099	Monroe	Alabama
1101	Montgomery	Alabama
1103	Morgan	Alabama
1105	Perry	Alabama
1107	Pickens	Alabama
1109	Pike	Alabama
1111	Randolph	Alabama
1113	Russell	Alabama
1115	St.Clair	Alabama
1117	Shelby	Alabama
1119	Sumter	Alabama
1121	Talladega	Alabama
1123	Tallapoosa	Alabama
1125	Tuscaloosa	Alabama
1127	Walker	Alabama
1129	Washington	Alabama
1131	Wilcox	Alabama
1133	Winston	Alabama
4001	Apache	Arizona
4003	Cochise	Arizona
4005	Coconino	Arizona
4007	Gila	Arizona
4009	Graham	Arizona
4011	Greenlee	Arizona
4012	LaPaz	Arizona
4013	Maricopa	Arizona
4015	Mohave	Arizona
4017	Navajo	Arizona
4019	Pima	Arizona
4021	Pinal	Arizona
4023	SantaCruz	Arizona
4025	Yavapai	Arizona
4027	Yuma	Arizona
5001	Arkansas	Arkansas
5003	Ashley	Arkansas
5005	Baxter	Arkansas
5007	Benton	Arkansas
5009	Boone	Arkansas
5011	Bradley	Arkansas
5013	Calhoun	Arkansas
5015	Carroll	Arkansas
5017	Chicot	Arkansas
5019	Clark	Arkansas
5021	Clay	Arkansas
5023	Cleburne	Arkansas
5025	Cleveland	Arkansas
5027	Columbia	Arkansas
5029	Conway	Arkansas
5031	Craighead	Arkansas
5033	Crawford	Arkansas
5035	Crittenden	Arkansas
5037	Cross	Arkansas
5039	Dallas	Arkansas
5041	Desha	Arkansas
5043	Drew	Arkansas
5045	Faulkner	Arkansas
5047	Franklin	Arkansas
5049	Fulton	Arkansas
5051	Garland	Arkansas
5053	Grant	Arkansas
5055	Greene	Arkansas
5057	Hempstead	Arkansas
5059	HotSpring	Arkansas
5061	Howard	Arkansas
5063	Independence	Arkansas
5065	Izard	Arkansas
5067	Jackson	Arkansas
5069	Jefferson	Arkansas
5071	Johnson	Arkansas
5073	Lafayette	Arkansas
5075	Lawrence	Arkansas
5077	Lee	Arkansas
5079	Lincoln	Arkansas
5081	LittleRiver	Arkansas
5083	Logan	Arkansas
5085	Lonoke	Arkansas
5087	Madison	Arkansas
5089	Marion	Arkansas
5091	Miller	Arkansas
5093	Mississippi	Arkansas
5095	Monroe	Arkansas
5097	Montgomery	Arkansas
5099	Nevada	Arkansas
5101	Newton	Arkansas
5103	Ouachita	Arkansas
5105	Perry	Arkansas
5107	Phillips	Arkansas
5109	Pike	Arkansas
5111	Poinsett	Arkansas
5113	Polk	Arkansas
5115	Pope	Arkansas
5117	Prairie	Arkansas
5119	Pulaski	Arkansas
5121	Randolph	Arkansas
5123	St.Francis	Arkansas
5125	Saline	Arkansas
5127	Scott	Arkansas
5129	Searcy	Arkansas
5131	Sebastian	Arkansas
5133	Sevier	Arkansas
5135	Sharp	Arkansas
5137	Stone	Arkansas
5139	Union	Arkansas
5141	VanBuren	Arkansas
5143	Washington	Arkansas
5145	White	Arkansas
5147	Woodruff	Arkansas
5149	Yell	Arkansas
6001	Alameda	California
6003	Alpine	California
6005	Amador	California
6007	Butte	California
6009	Calaveras	California
6011	Colusa	California
6013	ContraCosta	California
6015	DelNorte	California
6017	ElDorado	California
6019	Fresno	California
6021	Glenn	California
6023	Humboldt	California
6025	Imperial	California
6027	Inyo	California
6029	Kern	California
6031	Kings	California
6033	Lake	California
6035	Lassen	California
6037	LosAngeles	California
6039	Madera	California
6041	Marin	California
6043	Mariposa	California
6045	Mendocino	California
6047	Merced	California
6049	Modoc	California
6051	Mono	California
6053	Monterey	California
6055	Napa	California
6057	Nevada	California
6059	Orange	California
6061	Placer	California
6063	Plumas	California
6065	Riverside	California
6067	Sacramento	California
6069	SanBenito	California
6071	SanBernardino	California
6073	SanDiego	California
6075	SanFrancisco	California
6077	SanJoaquin	California
6079	SanLuisObispo	California
6081	SanMateo	California
6083	SantaBarbara	California
6085	SantaClara	California
6087	SantaCruz	California
6089	Shasta	California
6091	Sierra	California
6093	Siskiyou	California
6095	Solano	California
6097	Sonoma	California
6099	Stanislaus	California
6101	Sutter	California
6103	Tehama	California
6105	Trinity	California
6107	Tulare	California
6109	Tuolumne	California
6111	Ventura	California
6113	Yolo	California
6115	Yuba	California
8001	Adams	Colorado
8003	Alamosa	Colorado
8005	Arapahoe	Colorado
8007	Archuleta	Colorado
8009	Baca	Colorado
8011	Bent	Colorado
8013	Boulder	Colorado
8014	Broomfield	Colorado
8015	Chaffee	Colorado
8017	Cheyenne	Colorado
8019	ClearCreek	Colorado
8021	Conejos	Colorado
8023	Costilla	Colorado
8025	Crowley	Colorado
8027	Custer	Colorado
8029	Delta	Colorado
8031	Denver	Colorado
8033	Dolores	Colorado
8035	Douglas	Colorado
8037	Eagle	Colorado
8039	Elbert	Colorado
8041	ElPaso	Colorado
8043	Fremont	Colorado
8045	Garfield	Colorado
8047	Gilpin	Colorado
8049	Grand	Colorado
8051	Gunnison	Colorado
8053	Hinsdale	Colorado
8055	Huerfano	Colorado
8057	Jackson	Colorado
8059	Jefferson	Colorado
8061	Kiowa	Colorado
8063	KitCarson	Colorado
8065	Lake	Colorado
8067	LaPlata	Colorado
8069	Larimer	Colorado
8071	LasAnimas	Colorado
8073	Lincoln	Colorado
8075	Logan	Colorado
8077	Mesa	Colorado
8079	Mineral	Colorado
8081	Moffat	Colorado
8083	Montezuma	Colorado
8085	Montrose	Colorado
8087	Morgan	Colorado
8089	Otero	Colorado
8091	Ouray	Colorado
8093	Park	Colorado
8095	Phillips	Colorado
8097	Pitkin	Colorado
8099	Prowers	Colorado
8101	Pueblo	Colorado
8103	RioBlanco	Colorado
8105	RioGrande	Colorado
8107	Routt	Colorado
8109	Saguache	Colorado
8111	SanJuan	Colorado
8113	SanMiguel	Colorado
8115	Sedgwick	Colorado
8117	Summit	Colorado
8119	Teller	Colorado
8121	Washington	Colorado
8123	Weld	Colorado
8125	Yuma	Colorado
9001	Fairfield	Connecticut
9003	Hartford	Connecticut
9005	Litchfield	Connecticut
9007	Middlesex	Connecticut
9009	NewHaven	Connecticut
9011	NewLondon	Connecticut
9013	Tolland	Connecticut
9015	Windham	Connecticut
10001	Kent	Delaware
10003	NewCastle	Delaware
10005	Sussex	Delaware
11001	DistrictofColumbia	DistrictofColumbia
12001	Alachua	Florida
12003	Baker	Florida
12005	Bay	Florida
12007	Bradford	Florida
12009	Brevard	Florida
12011	Broward	Florida
12013	Calhoun	Florida
12015	Charlotte	Florida
12017	Citrus	Florida
12019	Clay	Florida
12021	Collier	Florida
12023	Columbia	Florida
12027	DeSoto	Florida
12029	Dixie	Florida
12031	Duval	Florida
12033	Escambia	Florida
12035	Flagler	Florida
12037	Franklin	Florida
12039	Gadsden	Florida
12041	Gilchrist	Florida
12043	Glades	Florida
12045	Gulf	Florida
12047	Hamilton	Florida
12049	Hardee	Florida
12051	Hendry	Florida
12053	Hernando	Florida
12055	Highlands	Florida
12057	Hillsborough	Florida
12059	Holmes	Florida
12061	IndianRiver	Florida
12063	Jackson	Florida
12065	Jefferson	Florida
12067	Lafayette	Florida
12069	Lake	Florida
12071	Lee	Florida
12073	Leon	Florida
12075	Levy	Florida
12077	Liberty	Florida
12079	Madison	Florida
12081	Manatee	Florida
12083	Marion	Florida
12085	Martin	Florida
12086	Miami-Dade	Florida
12087	Monroe	Florida
12089	Nassau	Florida
12091	Okaloosa	Florida
12093	Okeechobee	Florida
12095	Orange	Florida
12097	Osceola	Florida
12099	PalmBeach	Florida
12101	Pasco	Florida
12103	Pinellas	Florida
12105	Polk	Florida
12107	Putnam	Florida
12109	St.Johns	Florida
12111	St.Lucie	Florida
12113	SantaRosa	Florida
12115	Sarasota	Florida
12117	Seminole	Florida
12119	Sumter	Florida
12121	Suwannee	Florida
12123	Taylor	Florida
12125	Union	Florida
12127	Volusia	Florida
12129	Wakulla	Florida
12131	Walton	Florida
12133	Washington	Florida
13001	Appling	Georgia
13003	Atkinson	Georgia
13005	Bacon	Georgia
13007	Baker	Georgia
13009	Baldwin	Georgia
13011	Banks	Georgia
13013	Barrow	Georgia
13015	Bartow	Georgia
13017	BenHill	Georgia
13019	Berrien	Georgia
13021	Bibb	Georgia
13023	Bleckley	Georgia
13025	Brantley	Georgia
13027	Brooks	Georgia
13029	Bryan	Georgia
13031	Bulloch	Georgia
13033	Burke	Georgia
13035	Butts	Georgia
13037	Calhoun	Georgia
13039	Camden	Georgia
13043	Candler	Georgia
13045	Carroll	Georgia
13047	Catoosa	Georgia
13049	Charlton	Georgia
13051	Chatham	Georgia
13053	Chattahoochee	Georgia
13055	Chattooga	Georgia
13057	Cherokee	Georgia
13059	Clarke	Georgia
13061	Clay	Georgia
13063	Clayton	Georgia
13065	Clinch	Georgia
13067	Cobb	Georgia
13069	Coffee	Georgia
13071	Colquitt	Georgia
13073	Columbia	Georgia
13075	Cook	Georgia
13077	Coweta	Georgia
13079	Crawford	Georgia
13081	Crisp	Georgia
13083	Dade	Georgia
13085	Dawson	Georgia
13087	Decatur	Georgia
13089	DeKalb	Georgia
13091	Dodge	Georgia
13093	Dooly	Georgia
13095	Dougherty	Georgia
13097	Douglas	Georgia
13099	Early	Georgia
13101	Echols	Georgia
13103	Effingham	Georgia
13105	Elbert	Georgia
13107	Emanuel	Georgia
13109	Evans	Georgia
13111	Fannin	Georgia
13113	Fayette	Georgia
13115	Floyd	Georgia
13117	Forsyth	Georgia
13119	Franklin	Georgia
13121	Fulton	Georgia
13123	Gilmer	Georgia
13125	Glascock	Georgia
13127	Glynn	Georgia
13129	Gordon	Georgia
13131	Grady	Georgia
13133	Greene	Georgia
13135	Gwinnett	Georgia
13137	Habersham	Georgia
13139	Hall	Georgia
13141	Hancock	Georgia
13143	Haralson	Georgia
13145	Harris	Georgia
13147	Hart	Georgia
13149	Heard	Georgia
13151	Henry	Georgia
13153	Houston	Georgia
13155	Irwin	Georgia
13157	Jackson	Georgia
13159	Jasper	Georgia
13161	JeffDavis	Georgia
13163	Jefferson	Georgia
13165	Jenkins	Georgia
13167	Johnson	Georgia
13169	Jones	Georgia
13171	Lamar	Georgia
13173	Lanier	Georgia
13175	Laurens	Georgia
13177	Lee	Georgia
13179	Liberty	Georgia
13181	Lincoln	Georgia
13183	Long	Georgia
13185	Lowndes	Georgia
13187	Lumpkin	Georgia
13189	McDuffie	Georgia
13191	McIntosh	Georgia
13193	Macon	Georgia
13195	Madison	Georgia
13197	Marion	Georgia
13199	Meriwether	Georgia
13201	Miller	Georgia
13205	Mitchell	Georgia
13207	Monroe	Georgia
13209	Montgomery	Georgia
13211	Morgan	Georgia
13213	Murray	Georgia
13215	Muscogee	Georgia
13217	Newton	Georgia
13219	Oconee	Georgia
13221	Oglethorpe	Georgia
13223	Paulding	Georgia
13225	Peach	Georgia
13227	Pickens	Georgia
13229	Pierce	Georgia
13231	Pike	Georgia
13233	Polk	Georgia
13235	Pulaski	Georgia
13237	Putnam	Georgia
13239	Quitman	Georgia
13241	Rabun	Georgia
13243	Randolph	Georgia
13245	Richmond	Georgia
13247	Rockdale	Georgia
13249	Schley	Georgia
13251	Screven	Georgia
13253	Seminole	Georgia
13255	Spalding	Georgia
13257	Stephens	Georgia
13259	Stewart	Georgia
13261	Sumter	Georgia
13263	Talbot	Georgia
13265	Taliaferro	Georgia
13267	Tattnall	Georgia
13269	Taylor	Georgia
13271	Telfair	Georgia
13273	Terrell	Georgia
13275	Thomas	Georgia
13277	Tift	Georgia
13279	Toombs	Georgia
13281	Towns	Georgia
13283	Treutlen	Georgia
13285	Troup	Georgia
13287	Turner	Georgia
13289	Twiggs	Georgia
13291	Union	Georgia
13293	Upson	Georgia
13295	Walker	Georgia
13297	Walton	Georgia
13299	Ware	Georgia
13301	Warren	Georgia
13303	Washington	Georgia
13305	Wayne	Georgia
13307	Webster	Georgia
13309	Wheeler	Georgia
13311	White	Georgia
13313	Whitfield	Georgia
13315	Wilcox	Georgia
13317	Wilkes	Georgia
13319	Wilkinson	Georgia
13321	Worth	Georgia
16001	Ada	Idaho
16003	Adams	Idaho
16005	Bannock	Idaho
16007	BearLake	Idaho
16009	Benewah	Idaho
16011	Bingham	Idaho
16013	Blaine	Idaho
16015	Boise	Idaho
16017	Bonner	Idaho
16019	Bonneville	Idaho
16021	Boundary	Idaho
16023	Butte	Idaho
16025	Camas	Idaho
16027	Canyon	Idaho
16029	Caribou	Idaho
16031	Cassia	Idaho
16033	Clark	Idaho
16035	Clearwater	Idaho
16037	Custer	Idaho
16039	Elmore	Idaho
16041	Franklin	Idaho
16043	Fremont	Idaho
16045	Gem	Idaho
16047	Gooding	Idaho
16049	Idaho	Idaho
16051	Jefferson	Idaho
16053	Jerome	Idaho
16055	Kootenai	Idaho
16057	Latah	Idaho
16059	Lemhi	Idaho
16061	Lewis	Idaho
16063	Lincoln	Idaho
16065	Madison	Idaho
16067	Minidoka	Idaho
16069	NezPerce	Idaho
16071	Oneida	Idaho
16073	Owyhee	Idaho
16075	Payette	Idaho
16077	Power	Idaho
16079	Shoshone	Idaho
16081	Teton	Idaho
16083	TwinFalls	Idaho
16085	Valley	Idaho
16087	Washington	Idaho
17001	Adams	Illinois
17003	Alexander	Illinois
17005	Bond	Illinois
17007	Boone	Illinois
17009	Brown	Illinois
17011	Bureau	Illinois
17013	Calhoun	Illinois
17015	Carroll	Illinois
17017	Cass	Illinois
17019	Champaign	Illinois
17021	Christian	Illinois
17023	Clark	Illinois
17025	Clay	Illinois
17027	Clinton	Illinois
17029	Coles	Illinois
17031	Cook	Illinois
17033	Crawford	Illinois
17035	Cumberland	Illinois
17037	DeKalb	Illinois
17039	DeWitt	Illinois
17041	Douglas	Illinois
17043	DuPage	Illinois
17045	Edgar	Illinois
17047	Edwards	Illinois
17049	Effingham	Illinois
17051	Fayette	Illinois
17053	Ford	Illinois
17055	Franklin	Illinois
17057	Fulton	Illinois
17059	Gallatin	Illinois
17061	Greene	Illinois
17063	Grundy	Illinois
17065	Hamilton	Illinois
17067	Hancock	Illinois
17069	Hardin	Illinois
17071	Henderson	Illinois
17073	Henry	Illinois
17075	Iroquois	Illinois
17077	Jackson	Illinois
17079	Jasper	Illinois
17081	Jefferson	Illinois
17083	Jersey	Illinois
17085	JoDaviess	Illinois
17087	Johnson	Illinois
17089	Kane	Illinois
17091	Kankakee	Illinois
17093	Kendall	Illinois
17095	Knox	Illinois
17097	Lake	Illinois
17099	LaSalle	Illinois
17101	Lawrence	Illinois
17103	Lee	Illinois
17105	Livingston	Illinois
17107	Logan	Illinois
17109	McDonough	Illinois
17111	McHenry	Illinois
17113	McLean	Illinois
17115	Macon	Illinois
17117	Macoupin	Illinois
17119	Madison	Illinois
17121	Marion	Illinois
17123	Marshall	Illinois
17125	Mason	Illinois
17127	Massac	Illinois
17129	Menard	Illinois
17131	Mercer	Illinois
17133	Monroe	Illinois
17135	Montgomery	Illinois
17137	Morgan	Illinois
17139	Moultrie	Illinois
17141	Ogle	Illinois
17143	Peoria	Illinois
17145	Perry	Illinois
17147	Piatt	Illinois
17149	Pike	Illinois
17151	Pope	Illinois
17153	Pulaski	Illinois
17155	Putnam	Illinois
17157	Randolph	Illinois
17159	Richland	Illinois
17161	RockIsland	Illinois
17163	St.Clair	Illinois
17165	Saline	Illinois
17167	Sangamon	Illinois
17169	Schuyler	Illinois
17171	Scott	Illinois
17173	Shelby	Illinois
17175	Stark	Illinois
17177	Stephenson	Illinois
17179	Tazewell	Illinois
17181	Union	Illinois
17183	Vermilion	Illinois
17185	Wabash	Illinois
17187	Warren	Illinois
17189	Washington	Illinois
17191	Wayne	Illinois
17193	White	Illinois
17195	Whiteside	Illinois
17197	Will	Illinois
17199	Williamson	Illinois
17201	Winnebago	Illinois
17203	Woodford	Illinois
18001	Adams	Indiana
18003	Allen	Indiana
18005	Bartholomew	Indiana
18007	Benton	Indiana
18009	Blackford	Indiana
18011	Boone	Indiana
18013	Brown	Indiana
18015	Carroll	Indiana
18017	Cass	Indiana
18019	Clark	Indiana
18021	Clay	Indiana
18023	Clinton	Indiana
18025	Crawford	Indiana
18027	Daviess	Indiana
18029	Dearborn	Indiana
18031	Decatur	Indiana
18033	DeKalb	Indiana
18035	Delaware	Indiana
18037	Dubois	Indiana
18039	Elkhart	Indiana
18041	Fayette	Indiana
18043	Floyd	Indiana
18045	Fountain	Indiana
18047	Franklin	Indiana
18049	Fulton	Indiana
18051	Gibson	Indiana
18053	Grant	Indiana
18055	Greene	Indiana
18057	Hamilton	Indiana
18059	Hancock	Indiana
18061	Harrison	Indiana
18063	Hendricks	Indiana
18065	Henry	Indiana
18067	Howard	Indiana
18069	Huntington	Indiana
18071	Jackson	Indiana
18073	Jasper	Indiana
18075	Jay	Indiana
18077	Jefferson	Indiana
18079	Jennings	Indiana
18081	Johnson	Indiana
18083	Knox	Indiana
18085	Kosciusko	Indiana
18087	LaGrange	Indiana
18089	Lake	Indiana
18091	LaPorte	Indiana
18093	Lawrence	Indiana
18095	Madison	Indiana
18097	Marion	Indiana
18099	Marshall	Indiana
18101	Martin	Indiana
18103	Miami	Indiana
18105	Monroe	Indiana
18107	Montgomery	Indiana
18109	Morgan	Indiana
18111	Newton	Indiana
18113	Noble	Indiana
18115	Ohio	Indiana
18117	Orange	Indiana
18119	Owen	Indiana
18121	Parke	Indiana
18123	Perry	Indiana
18125	Pike	Indiana
18127	Porter	Indiana
18129	Posey	Indiana
18131	Pulaski	Indiana
18133	Putnam	Indiana
18135	Randolph	Indiana
18137	Ripley	Indiana
18139	Rush	Indiana
18141	St.Joseph	Indiana
18143	Scott	Indiana
18145	Shelby	Indiana
18147	Spencer	Indiana
18149	Starke	Indiana
18151	Steuben	Indiana
18153	Sullivan	Indiana
18155	Switzerland	Indiana
18157	Tippecanoe	Indiana
18159	Tipton	Indiana
18161	Union	Indiana
18163	Vanderburgh	Indiana
18165	Vermillion	Indiana
18167	Vigo	Indiana
18169	Wabash	Indiana
18171	Warren	Indiana
18173	Warrick	Indiana
18175	Washington	Indiana
18177	Wayne	Indiana
18179	Wells	Indiana
18181	White	Indiana
18183	Whitley	Indiana
19001	Adair	Iowa
19003	Adams	Iowa
19005	Allamakee	Iowa
19007	Appanoose	Iowa
19009	Audubon	Iowa
19011	Benton	Iowa
19013	BlackHawk	Iowa
19015	Boone	Iowa
19017	Bremer	Iowa
19019	Buchanan	Iowa
19021	BuenaVista	Iowa
19023	Butler	Iowa
19025	Calhoun	Iowa
19027	Carroll	Iowa
19029	Cass	Iowa
19031	Cedar	Iowa
19033	CerroGordo	Iowa
19035	Cherokee	Iowa
19037	Chickasaw	Iowa
19039	Clarke	Iowa
19041	Clay	Iowa
19043	Clayton	Iowa
19045	Clinton	Iowa
19047	Crawford	Iowa
19049	Dallas	Iowa
19051	Davis	Iowa
19053	Decatur	Iowa
19055	Delaware	Iowa
19057	DesMoines	Iowa
19059	Dickinson	Iowa
19061	Dubuque	Iowa
19063	Emmet	Iowa
19065	Fayette	Iowa
19067	Floyd	Iowa
19069	Franklin	Iowa
19071	Fremont	Iowa
19073	Greene	Iowa
19075	Grundy	Iowa
19077	Guthrie	Iowa
19079	Hamilton	Iowa
19081	Hancock	Iowa
19083	Hardin	Iowa
19085	Harrison	Iowa
19087	Henry	Iowa
19089	Howard	Iowa
19091	Humboldt	Iowa
19093	Ida	Iowa
19095	Iowa	Iowa
19097	Jackson	Iowa
19099	Jasper	Iowa
19101	Jefferson	Iowa
19103	Johnson	Iowa
19105	Jones	Iowa
19107	Keokuk	Iowa
19109	Kossuth	Iowa
19111	Lee	Iowa
19113	Linn	Iowa
19115	Louisa	Iowa
19117	Lucas	Iowa
19119	Lyon	Iowa
19121	Madison	Iowa
19123	Mahaska	Iowa
19125	Marion	Iowa
19127	Marshall	Iowa
19129	Mills	Iowa
19131	Mitchell	Iowa
19133	Monona	Iowa
19135	Monroe	Iowa
19137	Montgomery	Iowa
19139	Muscatine	Iowa
19141	obrien	Iowa
19143	Osceola	Iowa
19145	Page	Iowa
19147	PaloAlto	Iowa
19149	Plymouth	Iowa
19151	Pocahontas	Iowa
19153	Polk	Iowa
19155	Pottawattamie	Iowa
19157	Poweshiek	Iowa
19159	Ringgold	Iowa
19161	Sac	Iowa
19163	Scott	Iowa
19165	Shelby	Iowa
19167	Sioux	Iowa
19169	Story	Iowa
19171	Tama	Iowa
19173	Taylor	Iowa
19175	Union	Iowa
19177	VanBuren	Iowa
19179	Wapello	Iowa
19181	Warren	Iowa
19183	Washington	Iowa
19185	Wayne	Iowa
19187	Webster	Iowa
19189	Winnebago	Iowa
19191	Winneshiek	Iowa
19193	Woodbury	Iowa
19195	Worth	Iowa
19197	Wright	Iowa
20001	Allen	Kansas
20003	Anderson	Kansas
20005	Atchison	Kansas
20007	Barber	Kansas
20009	Barton	Kansas
20011	Bourbon	Kansas
20013	Brown	Kansas
20015	Butler	Kansas
20017	Chase	Kansas
20019	Chautauqua	Kansas
20021	Cherokee	Kansas
20023	Cheyenne	Kansas
20025	Clark	Kansas
20027	Clay	Kansas
20029	Cloud	Kansas
20031	Coffey	Kansas
20033	Comanche	Kansas
20035	Cowley	Kansas
20037	Crawford	Kansas
20039	Decatur	Kansas
20041	Dickinson	Kansas
20043	Doniphan	Kansas
20045	Douglas	Kansas
20047	Edwards	Kansas
20049	Elk	Kansas
20051	Ellis	Kansas
20053	Ellsworth	Kansas
20055	Finney	Kansas
20057	Ford	Kansas
20059	Franklin	Kansas
20061	Geary	Kansas
20063	Gove	Kansas
20065	Graham	Kansas
20067	Grant	Kansas
20069	Gray	Kansas
20071	Greeley	Kansas
20073	Greenwood	Kansas
20075	Hamilton	Kansas
20077	Harper	Kansas
20079	Harvey	Kansas
20081	Haskell	Kansas
20083	Hodgeman	Kansas
20085	Jackson	Kansas
20087	Jefferson	Kansas
20089	Jewell	Kansas
20091	Johnson	Kansas
20093	Kearny	Kansas
20095	Kingman	Kansas
20097	Kiowa	Kansas
20099	Labette	Kansas
20101	Lane	Kansas
20103	Leavenworth	Kansas
20105	Lincoln	Kansas
20107	Linn	Kansas
20109	Logan	Kansas
20111	Lyon	Kansas
20113	McPherson	Kansas
20115	Marion	Kansas
20117	Marshall	Kansas
20119	Meade	Kansas
20121	Miami	Kansas
20123	Mitchell	Kansas
20125	Montgomery	Kansas
20127	Morris	Kansas
20129	Morton	Kansas
20131	Nemaha	Kansas
20133	Neosho	Kansas
20135	Ness	Kansas
20137	Norton	Kansas
20139	Osage	Kansas
20141	Osborne	Kansas
20143	Ottawa	Kansas
20145	Pawnee	Kansas
20147	Phillips	Kansas
20149	Pottawatomie	Kansas
20151	Pratt	Kansas
20153	Rawlins	Kansas
20155	Reno	Kansas
20157	Republic	Kansas
20159	Rice	Kansas
20161	Riley	Kansas
20163	Rooks	Kansas
20165	Rush	Kansas
20167	Russell	Kansas
20169	Saline	Kansas
20171	Scott	Kansas
20173	Sedgwick	Kansas
20175	Seward	Kansas
20177	Shawnee	Kansas
20179	Sheridan	Kansas
20181	Sherman	Kansas
20183	Smith	Kansas
20185	Stafford	Kansas
20187	Stanton	Kansas
20189	Stevens	Kansas
20191	Sumner	Kansas
20193	Thomas	Kansas
20195	Trego	Kansas
20197	Wabaunsee	Kansas
20199	Wallace	Kansas
20201	Washington	Kansas
20203	Wichita	Kansas
20205	Wilson	Kansas
20207	Woodson	Kansas
20209	Wyandotte	Kansas
21001	Adair	Kentucky
21003	Allen	Kentucky
21005	Anderson	Kentucky
21007	Ballard	Kentucky
21009	Barren	Kentucky
21011	Bath	Kentucky
21013	Bell	Kentucky
21015	Boone	Kentucky
21017	Bourbon	Kentucky
21019	Boyd	Kentucky
21021	Boyle	Kentucky
21023	Bracken	Kentucky
21025	Breathitt	Kentucky
21027	Breckinridge	Kentucky
21029	Bullitt	Kentucky
21031	Butler	Kentucky
21033	Caldwell	Kentucky
21035	Calloway	Kentucky
21037	Campbell	Kentucky
21039	Carlisle	Kentucky
21041	Carroll	Kentucky
21043	Carter	Kentucky
21045	Casey	Kentucky
21047	Christian	Kentucky
21049	Clark	Kentucky
21051	Clay	Kentucky
21053	Clinton	Kentucky
21055	Crittenden	Kentucky
21057	Cumberland	Kentucky
21059	Daviess	Kentucky
21061	Edmonson	Kentucky
21063	Elliott	Kentucky
21065	Estill	Kentucky
21067	Fayette	Kentucky
21069	Fleming	Kentucky
21071	Floyd	Kentucky
21073	Franklin	Kentucky
21075	Fulton	Kentucky
21077	Gallatin	Kentucky
21079	Garrard	Kentucky
21081	Grant	Kentucky
21083	Graves	Kentucky
21085	Grayson	Kentucky
21087	Green	Kentucky
21089	Greenup	Kentucky
21091	Hancock	Kentucky
21093	Hardin	Kentucky
21095	Harlan	Kentucky
21097	Harrison	Kentucky
21099	Hart	Kentucky
21101	Henderson	Kentucky
21103	Henry	Kentucky
21105	Hickman	Kentucky
21107	Hopkins	Kentucky
21109	Jackson	Kentucky
21111	Jefferson	Kentucky
21113	Jessamine	Kentucky
21115	Johnson	Kentucky
21117	Kenton	Kentucky
21119	Knott	Kentucky
21121	Knox	Kentucky
21123	Larue	Kentucky
21125	Laurel	Kentucky
21127	Lawrence	Kentucky
21129	Lee	Kentucky
21131	Leslie	Kentucky
21133	Letcher	Kentucky
21135	Lewis	Kentucky
21137	Lincoln	Kentucky
21139	Livingston	Kentucky
21141	Logan	Kentucky
21143	Lyon	Kentucky
21145	McCracken	Kentucky
21147	McCreary	Kentucky
21149	McLean	Kentucky
21151	Madison	Kentucky
21153	Magoffin	Kentucky
21155	Marion	Kentucky
21157	Marshall	Kentucky
21159	Martin	Kentucky
21161	Mason	Kentucky
21163	Meade	Kentucky
21165	Menifee	Kentucky
21167	Mercer	Kentucky
21169	Metcalfe	Kentucky
21171	Monroe	Kentucky
21173	Montgomery	Kentucky
21175	Morgan	Kentucky
21177	Muhlenberg	Kentucky
21179	Nelson	Kentucky
21181	Nicholas	Kentucky
21183	Ohio	Kentucky
21185	Oldham	Kentucky
21187	Owen	Kentucky
21189	Owsley	Kentucky
21191	Pendleton	Kentucky
21193	Perry	Kentucky
21195	Pike	Kentucky
21197	Powell	Kentucky
21199	Pulaski	Kentucky
21201	Robertson	Kentucky
21203	Rockcastle	Kentucky
21205	Rowan	Kentucky
21207	Russell	Kentucky
21209	Scott	Kentucky
21211	Shelby	Kentucky
21213	Simpson	Kentucky
21215	Spencer	Kentucky
21217	Taylor	Kentucky
21219	Todd	Kentucky
21221	Trigg	Kentucky
21223	Trimble	Kentucky
21225	Union	Kentucky
21227	Warren	Kentucky
21229	Washington	Kentucky
21231	Wayne	Kentucky
21233	Webster	Kentucky
21235	Whitley	Kentucky
21237	Wolfe	Kentucky
21239	Woodford	Kentucky
22001	AcadiaParish	Louisiana
22003	AllenParish	Louisiana
22005	AscensionParish	Louisiana
22007	AssumptionParish	Louisiana
22009	AvoyellesParish	Louisiana
22011	BeauregardParish	Louisiana
22013	BienvilleParish	Louisiana
22015	BossierParish	Louisiana
22017	CaddoParish	Louisiana
22019	CalcasieuParish	Louisiana
22021	CaldwellParish	Louisiana
22023	CameronParish	Louisiana
22025	CatahoulaParish	Louisiana
22027	ClaiborneParish	Louisiana
22029	ConcordiaParish	Louisiana
22031	DeSotoParish	Louisiana
22033	EastBatonRougeParish	Louisiana
22035	EastCarrollParish	Louisiana
22037	EastFelicianaParish	Louisiana
22039	EvangelineParish	Louisiana
22041	FranklinParish	Louisiana
22043	GrantParish	Louisiana
22045	IberiaParish	Louisiana
22047	IbervilleParish	Louisiana
22049	JacksonParish	Louisiana
22051	JeffersonParish	Louisiana
22053	JeffersonDavisParish	Louisiana
22055	LafayetteParish	Louisiana
22057	LafourcheParish	Louisiana
22059	LaSalleParish	Louisiana
22061	LincolnParish	Louisiana
22063	LivingstonParish	Louisiana
22065	MadisonParish	Louisiana
22067	MorehouseParish	Louisiana
22069	NatchitochesParish	Louisiana
22071	OrleansParish	Louisiana
22073	OuachitaParish	Louisiana
22075	PlaqueminesParish	Louisiana
22077	PointeCoupeeParish	Louisiana
22079	RapidesParish	Louisiana
22081	RedRiverParish	Louisiana
22083	RichlandParish	Louisiana
22085	SabineParish	Louisiana
22087	St.BernardParish	Louisiana
22089	St.CharlesParish	Louisiana
22091	St.HelenaParish	Louisiana
22093	St.JamesParish	Louisiana
22095	St.JohntheBaptistParish	Louisiana
22097	St.LandryParish	Louisiana
22099	St.MartinParish	Louisiana
22101	St.MaryParish	Louisiana
22103	St.TammanyParish	Louisiana
22105	TangipahoaParish	Louisiana
22107	TensasParish	Louisiana
22109	TerrebonneParish	Louisiana
22111	UnionParish	Louisiana
22113	VermilionParish	Louisiana
22115	VernonParish	Louisiana
22117	WashingtonParish	Louisiana
22119	WebsterParish	Louisiana
22121	WestBatonRougeParish	Louisiana
22123	WestCarrollParish	Louisiana
22125	WestFelicianaParish	Louisiana
22127	WinnParish	Louisiana
23001	Androscoggin	Maine
23003	Aroostook	Maine
23005	Cumberland	Maine
23007	Franklin	Maine
23009	Hancock	Maine
23011	Kennebec	Maine
23013	Knox	Maine
23015	Lincoln	Maine
23017	Oxford	Maine
23019	Penobscot	Maine
23021	Piscataquis	Maine
23023	Sagadahoc	Maine
23025	Somerset	Maine
23027	Waldo	Maine
23029	Washington	Maine
23031	York	Maine
24001	Allegany	Maryland
24003	AnneArundel	Maryland
24005	Baltimore	Maryland
24009	Calvert	Maryland
24011	Caroline	Maryland
24013	Carroll	Maryland
24015	Cecil	Maryland
24017	Charles	Maryland
24019	Dorchester	Maryland
24021	Frederick	Maryland
24023	Garrett	Maryland
24025	Harford	Maryland
24027	Howard	Maryland
24029	Kent	Maryland
24031	Montgomery	Maryland
24033	PrinceGeorge's	Maryland
24035	QueenAnne's	Maryland
24037	St.Mary's	Maryland
24039	Somerset	Maryland
24041	Talbot	Maryland
24043	Washington	Maryland
24045	Wicomico	Maryland
24047	Worcester	Maryland
24510	Baltimorecity	Maryland
25001	Barnstable	Massachusetts
25003	Berkshire	Massachusetts
25005	Bristol	Massachusetts
25007	Dukes	Massachusetts
25009	Essex	Massachusetts
25011	Franklin	Massachusetts
25013	Hampden	Massachusetts
25015	Hampshire	Massachusetts
25017	Middlesex	Massachusetts
25019	Nantucket	Massachusetts
25021	Norfolk	Massachusetts
25023	Plymouth	Massachusetts
25025	Suffolk	Massachusetts
25027	Worcester	Massachusetts
26001	Alcona	Michigan
26003	Alger	Michigan
26005	Allegan	Michigan
26007	Alpena	Michigan
26009	Antrim	Michigan
26011	Arenac	Michigan
26013	Baraga	Michigan
26015	Barry	Michigan
26017	Bay	Michigan
26019	Benzie	Michigan
26021	Berrien	Michigan
26023	Branch	Michigan
26025	Calhoun	Michigan
26027	Cass	Michigan
26029	Charlevoix	Michigan
26031	Cheboygan	Michigan
26033	Chippewa	Michigan
26035	Clare	Michigan
26037	Clinton	Michigan
26039	Crawford	Michigan
26041	Delta	Michigan
26043	Dickinson	Michigan
26045	Eaton	Michigan
26047	Emmet	Michigan
26049	Genesee	Michigan
26051	Gladwin	Michigan
26053	Gogebic	Michigan
26055	GrandTraverse	Michigan
26057	Gratiot	Michigan
26059	Hillsdale	Michigan
26061	Houghton	Michigan
26063	Huron	Michigan
26065	Ingham	Michigan
26067	Ionia	Michigan
26069	Iosco	Michigan
26071	Iron	Michigan
26073	Isabella	Michigan
26075	Jackson	Michigan
26077	Kalamazoo	Michigan
26079	Kalkaska	Michigan
26081	Kent	Michigan
26083	Keweenaw	Michigan
26085	Lake	Michigan
26087	Lapeer	Michigan
26089	Leelanau	Michigan
26091	Lenawee	Michigan
26093	Livingston	Michigan
26095	Luce	Michigan
26097	Mackinac	Michigan
26099	Macomb	Michigan
26101	Manistee	Michigan
26103	Marquette	Michigan
26105	Mason	Michigan
26107	Mecosta	Michigan
26109	Menominee	Michigan
26111	Midland	Michigan
26113	Missaukee	Michigan
26115	Monroe	Michigan
26117	Montcalm	Michigan
26119	Montmorency	Michigan
26121	Muskegon	Michigan
26123	Newaygo	Michigan
26125	Oakland	Michigan
26127	Oceana	Michigan
26129	Ogemaw	Michigan
26131	Ontonagon	Michigan
26133	Osceola	Michigan
26135	Oscoda	Michigan
26137	Otsego	Michigan
26139	Ottawa	Michigan
26141	PresqueIsle	Michigan
26143	Roscommon	Michigan
26145	Saginaw	Michigan
26147	St.Clair	Michigan
26149	St.Joseph	Michigan
26151	Sanilac	Michigan
26153	Schoolcraft	Michigan
26155	Shiawassee	Michigan
26157	Tuscola	Michigan
26159	VanBuren	Michigan
26161	Washtenaw	Michigan
26163	Wayne	Michigan
26165	Wexford	Michigan
27001	Aitkin	Minnesota
27003	Anoka	Minnesota
27005	Becker	Minnesota
27007	Beltrami	Minnesota
27009	Benton	Minnesota
27011	BigStone	Minnesota
27013	BlueEarth	Minnesota
27015	Brown	Minnesota
27017	Carlton	Minnesota
27019	Carver	Minnesota
27021	Cass	Minnesota
27023	Chippewa	Minnesota
27025	Chisago	Minnesota
27027	Clay	Minnesota
27029	Clearwater	Minnesota
27031	Cook	Minnesota
27033	Cottonwood	Minnesota
27035	CrowWing	Minnesota
27037	Dakota	Minnesota
27039	Dodge	Minnesota
27041	Douglas	Minnesota
27043	Faribault	Minnesota
27045	Fillmore	Minnesota
27047	Freeborn	Minnesota
27049	Goodhue	Minnesota
27051	Grant	Minnesota
27053	Hennepin	Minnesota
27055	Houston	Minnesota
27057	Hubbard	Minnesota
27059	Isanti	Minnesota
27061	Itasca	Minnesota
27063	Jackson	Minnesota
27065	Kanabec	Minnesota
27067	Kandiyohi	Minnesota
27069	Kittson	Minnesota
27071	Koochiching	Minnesota
27073	LacquiParle	Minnesota
27075	Lake	Minnesota
27077	LakeoftheWoods	Minnesota
27079	LeSueur	Minnesota
27081	Lincoln	Minnesota
27083	Lyon	Minnesota
27085	McLeod	Minnesota
27087	Mahnomen	Minnesota
27089	Marshall	Minnesota
27091	Martin	Minnesota
27093	Meeker	Minnesota
27095	MilleLacs	Minnesota
27097	Morrison	Minnesota
27099	Mower	Minnesota
27101	Murray	Minnesota
27103	Nicollet	Minnesota
27105	Nobles	Minnesota
27107	Norman	Minnesota
27109	Olmsted	Minnesota
27111	OtterTail	Minnesota
27113	Pennington	Minnesota
27115	Pine	Minnesota
27117	Pipestone	Minnesota
27119	Polk	Minnesota
27121	Pope	Minnesota
27123	Ramsey	Minnesota
27125	RedLake	Minnesota
27127	Redwood	Minnesota
27129	Renville	Minnesota
27131	Rice	Minnesota
27133	Rock	Minnesota
27135	Roseau	Minnesota
27137	St.Louis	Minnesota
27139	Scott	Minnesota
27141	Sherburne	Minnesota
27143	Sibley	Minnesota
27145	Stearns	Minnesota
27147	Steele	Minnesota
27149	Stevens	Minnesota
27151	Swift	Minnesota
27153	Todd	Minnesota
27155	Traverse	Minnesota
27157	Wabasha	Minnesota
27159	Wadena	Minnesota
27161	Waseca	Minnesota
27163	Washington	Minnesota
27165	Watonwan	Minnesota
27167	Wilkin	Minnesota
27169	Winona	Minnesota
27171	Wright	Minnesota
27173	YellowMedicine	Minnesota
28001	Adams	Mississippi
28003	Alcorn	Mississippi
28005	Amite	Mississippi
28007	Attala	Mississippi
28009	Benton	Mississippi
28011	Bolivar	Mississippi
28013	Calhoun	Mississippi
28015	Carroll	Mississippi
28017	Chickasaw	Mississippi
28019	Choctaw	Mississippi
28021	Claiborne	Mississippi
28023	Clarke	Mississippi
28025	Clay	Mississippi
28027	Coahoma	Mississippi
28029	Copiah	Mississippi
28031	Covington	Mississippi
28033	DeSoto	Mississippi
28035	Forrest	Mississippi
28037	Franklin	Mississippi
28039	George	Mississippi
28041	Greene	Mississippi
28043	Grenada	Mississippi
28045	Hancock	Mississippi
28047	Harrison	Mississippi
28049	Hinds	Mississippi
28051	Holmes	Mississippi
28053	Humphreys	Mississippi
28055	Issaquena	Mississippi
28057	Itawamba	Mississippi
28059	Jackson	Mississippi
28061	Jasper	Mississippi
28063	Jefferson	Mississippi
28065	JeffersonDavis	Mississippi
28067	Jones	Mississippi
28069	Kemper	Mississippi
28071	Lafayette	Mississippi
28073	Lamar	Mississippi
28075	Lauderdale	Mississippi
28077	Lawrence	Mississippi
28079	Leake	Mississippi
28081	Lee	Mississippi
28083	Leflore	Mississippi
28085	Lincoln	Mississippi
28087	Lowndes	Mississippi
28089	Madison	Mississippi
28091	Marion	Mississippi
28093	Marshall	Mississippi
28095	Monroe	Mississippi
28097	Montgomery	Mississippi
28099	Neshoba	Mississippi
28101	Newton	Mississippi
28103	Noxubee	Mississippi
28105	Oktibbeha	Mississippi
28107	Panola	Mississippi
28109	PearlRiver	Mississippi
28111	Perry	Mississippi
28113	Pike	Mississippi
28115	Pontotoc	Mississippi
28117	Prentiss	Mississippi
28119	Quitman	Mississippi
28121	Rankin	Mississippi
28123	Scott	Mississippi
28125	Sharkey	Mississippi
28127	Simpson	Mississippi
28129	Smith	Mississippi
28131	Stone	Mississippi
28133	Sunflower	Mississippi
28135	Tallahatchie	Mississippi
28137	Tate	Mississippi
28139	Tippah	Mississippi
28141	Tishomingo	Mississippi
28143	Tunica	Mississippi
28145	Union	Mississippi
28147	Walthall	Mississippi
28149	Warren	Mississippi
28151	Washington	Mississippi
28153	Wayne	Mississippi
28155	Webster	Mississippi
28157	Wilkinson	Mississippi
28159	Winston	Mississippi
28161	Yalobusha	Mississippi
28163	Yazoo	Mississippi
29001	Adair	Missouri
29003	Andrew	Missouri
29005	Atchison	Missouri
29007	Audrain	Missouri
29009	Barry	Missouri
29011	Barton	Missouri
29013	Bates	Missouri
29015	Benton	Missouri
29017	Bollinger	Missouri
29019	Boone	Missouri
29021	Buchanan	Missouri
29023	Butler	Missouri
29025	Caldwell	Missouri
29027	Callaway	Missouri
29029	Camden	Missouri
29031	CapeGirardeau	Missouri
29033	Carroll	Missouri
29035	Carter	Missouri
29037	Cass	Missouri
29039	Cedar	Missouri
29041	Chariton	Missouri
29043	Christian	Missouri
29045	Clark	Missouri
29047	Clay	Missouri
29049	Clinton	Missouri
29051	Cole	Missouri
29053	Cooper	Missouri
29055	Crawford	Missouri
29057	Dade	Missouri
29059	Dallas	Missouri
29061	Daviess	Missouri
29063	DeKalb	Missouri
29065	Dent	Missouri
29067	Douglas	Missouri
29069	Dunklin	Missouri
29071	Franklin	Missouri
29073	Gasconade	Missouri
29075	Gentry	Missouri
29077	Greene	Missouri
29079	Grundy	Missouri
29081	Harrison	Missouri
29083	Henry	Missouri
29085	Hickory	Missouri
29087	Holt	Missouri
29089	Howard	Missouri
29091	Howell	Missouri
29093	Iron	Missouri
29095	Jackson	Missouri
29097	Jasper	Missouri
29099	Jefferson	Missouri
29101	Johnson	Missouri
29103	Knox	Missouri
29105	Laclede	Missouri
29107	Lafayette	Missouri
29109	Lawrence	Missouri
29111	Lewis	Missouri
29113	Lincoln	Missouri
29115	Linn	Missouri
29117	Livingston	Missouri
29119	McDonald	Missouri
29121	Macon	Missouri
29123	Madison	Missouri
29125	Maries	Missouri
29127	Marion	Missouri
29129	Mercer	Missouri
29131	Miller	Missouri
29133	Mississippi	Missouri
29135	Moniteau	Missouri
29137	Monroe	Missouri
29139	Montgomery	Missouri
29141	Morgan	Missouri
29143	NewMadrid	Missouri
29145	Newton	Missouri
29147	Nodaway	Missouri
29149	Oregon	Missouri
29151	Osage	Missouri
29153	Ozark	Missouri
29155	Pemiscot	Missouri
29157	Perry	Missouri
29159	Pettis	Missouri
29161	Phelps	Missouri
29163	Pike	Missouri
29165	Platte	Missouri
29167	Polk	Missouri
29169	Pulaski	Missouri
29171	Putnam	Missouri
29173	Ralls	Missouri
29175	Randolph	Missouri
29177	Ray	Missouri
29179	Reynolds	Missouri
29181	Ripley	Missouri
29183	St.Charles	Missouri
29185	St.Clair	Missouri
29186	Ste.Genevieve	Missouri
29187	St.Francois	Missouri
29189	St.Louis	Missouri
29195	Saline	Missouri
29197	Schuyler	Missouri
29199	Scotland	Missouri
29201	Scott	Missouri
29203	Shannon	Missouri
29205	Shelby	Missouri
29207	Stoddard	Missouri
29209	Stone	Missouri
29211	Sullivan	Missouri
29213	Taney	Missouri
29215	Texas	Missouri
29217	Vernon	Missouri
29219	Warren	Missouri
29221	Washington	Missouri
29223	Wayne	Missouri
29225	Webster	Missouri
29227	Worth	Missouri
29229	Wright	Missouri
29510	St.Louiscity	Missouri
30001	Beaverhead	Montana
30003	BigHorn	Montana
30005	Blaine	Montana
30007	Broadwater	Montana
30009	Carbon	Montana
30011	Carter	Montana
30013	Cascade	Montana
30015	Chouteau	Montana
30017	Custer	Montana
30019	Daniels	Montana
30021	Dawson	Montana
30023	DeerLodge	Montana
30025	Fallon	Montana
30027	Fergus	Montana
30029	Flathead	Montana
30031	Gallatin	Montana
30033	Garfield	Montana
30035	Glacier	Montana
30037	GoldenValley	Montana
30039	Granite	Montana
30041	Hill	Montana
30043	Jefferson	Montana
30045	JudithBasin	Montana
30047	Lake	Montana
30049	LewisandClark	Montana
30051	Liberty	Montana
30053	Lincoln	Montana
30055	McCone	Montana
30057	Madison	Montana
30059	Meagher	Montana
30061	Mineral	Montana
30063	Missoula	Montana
30065	Musselshell	Montana
30067	Park	Montana
30069	Petroleum	Montana
30071	Phillips	Montana
30073	Pondera	Montana
30075	PowderRiver	Montana
30077	Powell	Montana
30079	Prairie	Montana
30081	Ravalli	Montana
30083	Richland	Montana
30085	Roosevelt	Montana
30087	Rosebud	Montana
30089	Sanders	Montana
30091	Sheridan	Montana
30093	SilverBow	Montana
30095	Stillwater	Montana
30097	SweetGrass	Montana
30099	Teton	Montana
30101	Toole	Montana
30103	Treasure	Montana
30105	Valley	Montana
30107	Wheatland	Montana
30109	Wibaux	Montana
30111	Yellowstone	Montana
31001	Adams	Nebraska
31003	Antelope	Nebraska
31005	Arthur	Nebraska
31007	Banner	Nebraska
31009	Blaine	Nebraska
31011	Boone	Nebraska
31013	BoxButte	Nebraska
31015	Boyd	Nebraska
31017	Brown	Nebraska
31019	Buffalo	Nebraska
31021	Burt	Nebraska
31023	Butler	Nebraska
31025	Cass	Nebraska
31027	Cedar	Nebraska
31029	Chase	Nebraska
31031	Cherry	Nebraska
31033	Cheyenne	Nebraska
31035	Clay	Nebraska
31037	Colfax	Nebraska
31039	Cuming	Nebraska
31041	Custer	Nebraska
31043	Dakota	Nebraska
31045	Dawes	Nebraska
31047	Dawson	Nebraska
31049	Deuel	Nebraska
31051	Dixon	Nebraska
31053	Dodge	Nebraska
31055	Douglas	Nebraska
31057	Dundy	Nebraska
31059	Fillmore	Nebraska
31061	Franklin	Nebraska
31063	Frontier	Nebraska
31065	Furnas	Nebraska
31067	Gage	Nebraska
31069	Garden	Nebraska
31071	Garfield	Nebraska
31073	Gosper	Nebraska
31075	Grant	Nebraska
31077	Greeley	Nebraska
31079	Hall	Nebraska
31081	Hamilton	Nebraska
31083	Harlan	Nebraska
31085	Hayes	Nebraska
31087	Hitchcock	Nebraska
31089	Holt	Nebraska
31091	Hooker	Nebraska
31093	Howard	Nebraska
31095	Jefferson	Nebraska
31097	Johnson	Nebraska
31099	Kearney	Nebraska
31101	Keith	Nebraska
31103	KeyaPaha	Nebraska
31105	Kimball	Nebraska
31107	Knox	Nebraska
31109	Lancaster	Nebraska
31111	Lincoln	Nebraska
31113	Logan	Nebraska
31115	Loup	Nebraska
31117	McPherson	Nebraska
31119	Madison	Nebraska
31121	Merrick	Nebraska
31123	Morrill	Nebraska
31125	Nance	Nebraska
31127	Nemaha	Nebraska
31129	Nuckolls	Nebraska
31131	Otoe	Nebraska
31133	Pawnee	Nebraska
31135	Perkins	Nebraska
31137	Phelps	Nebraska
31139	Pierce	Nebraska
31141	Platte	Nebraska
31143	Polk	Nebraska
31145	RedWillow	Nebraska
31147	Richardson	Nebraska
31149	Rock	Nebraska
31151	Saline	Nebraska
31153	Sarpy	Nebraska
31155	Saunders	Nebraska
31157	ScottsBluff	Nebraska
31159	Seward	Nebraska
31161	Sheridan	Nebraska
31163	Sherman	Nebraska
31165	Sioux	Nebraska
31167	Stanton	Nebraska
31169	Thayer	Nebraska
31171	Thomas	Nebraska
31173	Thurston	Nebraska
31175	Valley	Nebraska
31177	Washington	Nebraska
31179	Wayne	Nebraska
31181	Webster	Nebraska
31183	Wheeler	Nebraska
31185	York	Nebraska
32001	Churchill	Nevada
32003	Clark	Nevada
32005	Douglas	Nevada
32007	Elko	Nevada
32009	Esmeralda	Nevada
32011	Eureka	Nevada
32013	Humboldt	Nevada
32015	Lander	Nevada
32017	Lincoln	Nevada
32019	Lyon	Nevada
32021	Mineral	Nevada
32023	Nye	Nevada
32027	Pershing	Nevada
32029	Storey	Nevada
32031	Washoe	Nevada
32033	WhitePine	Nevada
32510	CarsonCity	Nevada
33001	Belknap	NewHampshire
33003	Carroll	NewHampshire
33005	Cheshire	NewHampshire
33007	Coos	NewHampshire
33009	Grafton	NewHampshire
33011	Hillsborough	NewHampshire
33013	Merrimack	NewHampshire
33015	Rockingham	NewHampshire
33017	Strafford	NewHampshire
33019	Sullivan	NewHampshire
34001	Atlantic	NewJersey
34003	Bergen	NewJersey
34005	Burlington	NewJersey
34007	Camden	NewJersey
34009	CapeMay	NewJersey
34011	Cumberland	NewJersey
34013	Essex	NewJersey
34015	Gloucester	NewJersey
34017	Hudson	NewJersey
34019	Hunterdon	NewJersey
34021	Mercer	NewJersey
34023	Middlesex	NewJersey
34025	Monmouth	NewJersey
34027	Morris	NewJersey
34029	Ocean	NewJersey
34031	Passaic	NewJersey
34033	Salem	NewJersey
34035	Somerset	NewJersey
34037	Sussex	NewJersey
34039	Union	NewJersey
34041	Warren	NewJersey
35001	Bernalillo	NewMexico
35003	Catron	NewMexico
35005	Chaves	NewMexico
35006	Cibola	NewMexico
35007	Colfax	NewMexico
35009	Curry	NewMexico
35011	DeBaca	NewMexico
35013	DonaAna	NewMexico
35015	Eddy	NewMexico
35017	Grant	NewMexico
35019	Guadalupe	NewMexico
35021	Harding	NewMexico
35023	Hidalgo	NewMexico
35025	Lea	NewMexico
35027	Lincoln	NewMexico
35028	LosAlamos	NewMexico
35029	Luna	NewMexico
35031	McKinley	NewMexico
35033	Mora	NewMexico
35035	Otero	NewMexico
35037	Quay	NewMexico
35039	RioArriba	NewMexico
35041	Roosevelt	NewMexico
35043	Sandoval	NewMexico
35045	SanJuan	NewMexico
35047	SanMiguel	NewMexico
35049	SantaFe	NewMexico
35051	Sierra	NewMexico
35053	Socorro	NewMexico
35055	Taos	NewMexico
35057	Torrance	NewMexico
35059	Union	NewMexico
35061	Valencia	NewMexico
36001	Albany	NewYork
36003	Allegany	NewYork
36007	Broome	NewYork
36009	Cattaraugus	NewYork
36011	Cayuga	NewYork
36013	Chautauqua	NewYork
36015	Chemung	NewYork
36017	Chenango	NewYork
36019	Clinton	NewYork
36021	Columbia	NewYork
36023	Cortland	NewYork
36025	Delaware	NewYork
36027	Dutchess	NewYork
36029	Erie	NewYork
36031	Essex	NewYork
36033	Franklin	NewYork
36035	Fulton	NewYork
36037	Genesee	NewYork
36039	Greene	NewYork
36041	Hamilton	NewYork
36043	Herkimer	NewYork
36045	Jefferson	NewYork
36049	Lewis	NewYork
36051	Livingston	NewYork
36053	Madison	NewYork
36055	Monroe	NewYork
36057	Montgomery	NewYork
36059	Nassau	NewYork
36061	NewYork	NewYork
36063	Niagara	NewYork
36065	Oneida	NewYork
36067	Onondaga	NewYork
36069	Ontario	NewYork
36071	Orange	NewYork
36073	Orleans	NewYork
36075	Oswego	NewYork
36077	Otsego	NewYork
36079	Putnam	NewYork
36083	Rensselaer	NewYork
36087	Rockland	NewYork
36089	St.Lawrence	NewYork
36091	Saratoga	NewYork
36093	Schenectady	NewYork
36095	Schoharie	NewYork
36097	Schuyler	NewYork
36099	Seneca	NewYork
36101	Steuben	NewYork
36103	Suffolk	NewYork
36105	Sullivan	NewYork
36107	Tioga	NewYork
36109	Tompkins	NewYork
36111	Ulster	NewYork
36113	Warren	NewYork
36115	Washington	NewYork
36117	Wayne	NewYork
36119	Westchester	NewYork
36121	Wyoming	NewYork
36123	Yates	NewYork
37001	Alamance	NorthCarolina
37003	Alexander	NorthCarolina
37005	Alleghany	NorthCarolina
37007	Anson	NorthCarolina
37009	Ashe	NorthCarolina
37011	Avery	NorthCarolina
37013	Beaufort	NorthCarolina
37015	Bertie	NorthCarolina
37017	Bladen	NorthCarolina
37019	Brunswick	NorthCarolina
37021	Buncombe	NorthCarolina
37023	Burke	NorthCarolina
37025	Cabarrus	NorthCarolina
37027	Caldwell	NorthCarolina
37029	Camden	NorthCarolina
37031	Carteret	NorthCarolina
37033	Caswell	NorthCarolina
37035	Catawba	NorthCarolina
37037	Chatham	NorthCarolina
37039	Cherokee	NorthCarolina
37041	Chowan	NorthCarolina
37043	Clay	NorthCarolina
37045	Cleveland	NorthCarolina
37047	Columbus	NorthCarolina
37049	Craven	NorthCarolina
37051	Cumberland	NorthCarolina
37053	Currituck	NorthCarolina
37055	Dare	NorthCarolina
37057	Davidson	NorthCarolina
37059	Davie	NorthCarolina
37061	Duplin	NorthCarolina
37063	Durham	NorthCarolina
37065	Edgecombe	NorthCarolina
37067	Forsyth	NorthCarolina
37069	Franklin	NorthCarolina
37071	Gaston	NorthCarolina
37073	Gates	NorthCarolina
37075	Graham	NorthCarolina
37077	Granville	NorthCarolina
37079	Greene	NorthCarolina
37081	Guilford	NorthCarolina
37083	Halifax	NorthCarolina
37085	Harnett	NorthCarolina
37087	Haywood	NorthCarolina
37089	Henderson	NorthCarolina
37091	Hertford	NorthCarolina
37093	Hoke	NorthCarolina
37095	Hyde	NorthCarolina
37097	Iredell	NorthCarolina
37099	Jackson	NorthCarolina
37101	Johnston	NorthCarolina
37103	Jones	NorthCarolina
37105	Lee	NorthCarolina
37107	Lenoir	NorthCarolina
37109	Lincoln	NorthCarolina
37111	McDowell	NorthCarolina
37113	Macon	NorthCarolina
37115	Madison	NorthCarolina
37117	Martin	NorthCarolina
37119	Mecklenburg	NorthCarolina
37121	Mitchell	NorthCarolina
37123	Montgomery	NorthCarolina
37125	Moore	NorthCarolina
37127	Nash	NorthCarolina
37129	NewHanover	NorthCarolina
37131	Northampton	NorthCarolina
37133	Onslow	NorthCarolina
37135	Orange	NorthCarolina
37137	Pamlico	NorthCarolina
37139	Pasquotank	NorthCarolina
37141	Pender	NorthCarolina
37143	Perquimans	NorthCarolina
37145	Person	NorthCarolina
37147	Pitt	NorthCarolina
37149	Polk	NorthCarolina
37151	Randolph	NorthCarolina
37153	Richmond	NorthCarolina
37155	Robeson	NorthCarolina
37157	Rockingham	NorthCarolina
37159	Rowan	NorthCarolina
37161	Rutherford	NorthCarolina
37163	Sampson	NorthCarolina
37165	Scotland	NorthCarolina
37167	Stanly	NorthCarolina
37169	Stokes	NorthCarolina
37171	Surry	NorthCarolina
37173	Swain	NorthCarolina
37175	Transylvania	NorthCarolina
37177	Tyrrell	NorthCarolina
37179	Union	NorthCarolina
37181	Vance	NorthCarolina
37183	Wake	NorthCarolina
37185	Warren	NorthCarolina
37187	Washington	NorthCarolina
37189	Watauga	NorthCarolina
37191	Wayne	NorthCarolina
37193	Wilkes	NorthCarolina
37195	Wilson	NorthCarolina
37197	Yadkin	NorthCarolina
37199	Yancey	NorthCarolina
38001	Adams	NorthDakota
38003	Barnes	NorthDakota
38005	Benson	NorthDakota
38007	Billings	NorthDakota
38009	Bottineau	NorthDakota
38011	Bowman	NorthDakota
38013	Burke	NorthDakota
38015	Burleigh	NorthDakota
38017	Cass	NorthDakota
38019	Cavalier	NorthDakota
38021	Dickey	NorthDakota
38023	Divide	NorthDakota
38025	Dunn	NorthDakota
38027	Eddy	NorthDakota
38029	Emmons	NorthDakota
38031	Foster	NorthDakota
38033	GoldenValley	NorthDakota
38035	GrandForks	NorthDakota
38037	Grant	NorthDakota
38039	Griggs	NorthDakota
38041	Hettinger	NorthDakota
38043	Kidder	NorthDakota
38045	LaMoure	NorthDakota
38047	Logan	NorthDakota
38049	McHenry	NorthDakota
38051	McIntosh	NorthDakota
38053	McKenzie	NorthDakota
38055	McLean	NorthDakota
38057	Mercer	NorthDakota
38059	Morton	NorthDakota
38061	Mountrail	NorthDakota
38063	Nelson	NorthDakota
38065	Oliver	NorthDakota
38067	Pembina	NorthDakota
38069	Pierce	NorthDakota
38071	Ramsey	NorthDakota
38073	Ransom	NorthDakota
38075	Renville	NorthDakota
38077	Richland	NorthDakota
38079	Rolette	NorthDakota
38081	Sargent	NorthDakota
38083	Sheridan	NorthDakota
38085	Sioux	NorthDakota
38087	Slope	NorthDakota
38089	Stark	NorthDakota
38091	Steele	NorthDakota
38093	Stutsman	NorthDakota
38095	Towner	NorthDakota
38097	Traill	NorthDakota
38099	Walsh	NorthDakota
38101	Ward	NorthDakota
38103	Wells	NorthDakota
38105	Williams	NorthDakota
39001	Adams	Ohio
39003	Allen	Ohio
39005	Ashland	Ohio
39007	Ashtabula	Ohio
39009	Athens	Ohio
39011	Auglaize	Ohio
39013	Belmont	Ohio
39015	Brown	Ohio
39017	Butler	Ohio
39019	Carroll	Ohio
39021	Champaign	Ohio
39023	Clark	Ohio
39025	Clermont	Ohio
39027	Clinton	Ohio
39029	Columbiana	Ohio
39031	Coshocton	Ohio
39033	Crawford	Ohio
39035	Cuyahoga	Ohio
39037	Darke	Ohio
39039	Defiance	Ohio
39041	Delaware	Ohio
39043	Erie	Ohio
39045	Fairfield	Ohio
39047	Fayette	Ohio
39049	Franklin	Ohio
39051	Fulton	Ohio
39053	Gallia	Ohio
39055	Geauga	Ohio
39057	Greene	Ohio
39059	Guernsey	Ohio
39061	Hamilton	Ohio
39063	Hancock	Ohio
39065	Hardin	Ohio
39067	Harrison	Ohio
39069	Henry	Ohio
39071	Highland	Ohio
39073	Hocking	Ohio
39075	Holmes	Ohio
39077	Huron	Ohio
39079	Jackson	Ohio
39081	Jefferson	Ohio
39083	Knox	Ohio
39085	Lake	Ohio
39087	Lawrence	Ohio
39089	Licking	Ohio
39091	Logan	Ohio
39093	Lorain	Ohio
39095	Lucas	Ohio
39097	Madison	Ohio
39099	Mahoning	Ohio
39101	Marion	Ohio
39103	Medina	Ohio
39105	Meigs	Ohio
39107	Mercer	Ohio
39109	Miami	Ohio
39111	Monroe	Ohio
39113	Montgomery	Ohio
39115	Morgan	Ohio
39117	Morrow	Ohio
39119	Muskingum	Ohio
39121	Noble	Ohio
39123	Ottawa	Ohio
39125	Paulding	Ohio
39127	Perry	Ohio
39129	Pickaway	Ohio
39131	Pike	Ohio
39133	Portage	Ohio
39135	Preble	Ohio
39137	Putnam	Ohio
39139	Richland	Ohio
39141	Ross	Ohio
39143	Sandusky	Ohio
39145	Scioto	Ohio
39147	Seneca	Ohio
39149	Shelby	Ohio
39151	Stark	Ohio
39153	Summit	Ohio
39155	Trumbull	Ohio
39157	Tuscarawas	Ohio
39159	Union	Ohio
39161	VanWert	Ohio
39163	Vinton	Ohio
39165	Warren	Ohio
39167	Washington	Ohio
39169	Wayne	Ohio
39171	Williams	Ohio
39173	Wood	Ohio
39175	Wyandot	Ohio
40001	Adair	Oklahoma
40003	Alfalfa	Oklahoma
40005	Atoka	Oklahoma
40007	Beaver	Oklahoma
40009	Beckham	Oklahoma
40011	Blaine	Oklahoma
40013	Bryan	Oklahoma
40015	Caddo	Oklahoma
40017	Canadian	Oklahoma
40019	Carter	Oklahoma
40021	Cherokee	Oklahoma
40023	Choctaw	Oklahoma
40025	Cimarron	Oklahoma
40027	Cleveland	Oklahoma
40029	Coal	Oklahoma
40031	Comanche	Oklahoma
40033	Cotton	Oklahoma
40035	Craig	Oklahoma
40037	Creek	Oklahoma
40039	Custer	Oklahoma
40041	Delaware	Oklahoma
40043	Dewey	Oklahoma
40045	Ellis	Oklahoma
40047	Garfield	Oklahoma
40049	Garvin	Oklahoma
40051	Grady	Oklahoma
40053	Grant	Oklahoma
40055	Greer	Oklahoma
40057	Harmon	Oklahoma
40059	Harper	Oklahoma
40061	Haskell	Oklahoma
40063	Hughes	Oklahoma
40065	Jackson	Oklahoma
40067	Jefferson	Oklahoma
40069	Johnston	Oklahoma
40071	Kay	Oklahoma
40073	Kingfisher	Oklahoma
40075	Kiowa	Oklahoma
40077	Latimer	Oklahoma
40079	LeFlore	Oklahoma
40081	Lincoln	Oklahoma
40083	Logan	Oklahoma
40085	Love	Oklahoma
40087	McClain	Oklahoma
40089	McCurtain	Oklahoma
40091	McIntosh	Oklahoma
40093	Major	Oklahoma
40095	Marshall	Oklahoma
40097	Mayes	Oklahoma
40099	Murray	Oklahoma
40101	Muskogee	Oklahoma
40103	Noble	Oklahoma
40105	Nowata	Oklahoma
40107	Okfuskee	Oklahoma
40109	Oklahoma	Oklahoma
40111	Okmulgee	Oklahoma
40113	Osage	Oklahoma
40115	Ottawa	Oklahoma
40117	Pawnee	Oklahoma
40119	Payne	Oklahoma
40121	Pittsburg	Oklahoma
40123	Pontotoc	Oklahoma
40125	Pottawatomie	Oklahoma
40127	Pushmataha	Oklahoma
40129	RogerMills	Oklahoma
40131	Rogers	Oklahoma
40133	Seminole	Oklahoma
40135	Sequoyah	Oklahoma
40137	Stephens	Oklahoma
40139	Texas	Oklahoma
40141	Tillman	Oklahoma
40143	Tulsa	Oklahoma
40145	Wagoner	Oklahoma
40147	Washington	Oklahoma
40149	Washita	Oklahoma
40151	Woods	Oklahoma
40153	Woodward	Oklahoma
41001	Baker	Oregon
41003	Benton	Oregon
41005	Clackamas	Oregon
41007	Clatsop	Oregon
41009	Columbia	Oregon
41011	Coos	Oregon
41013	Crook	Oregon
41015	Curry	Oregon
41017	Deschutes	Oregon
41019	Douglas	Oregon
41021	Gilliam	Oregon
41023	Grant	Oregon
41025	Harney	Oregon
41027	HoodRiver	Oregon
41029	Jackson	Oregon
41031	Jefferson	Oregon
41033	Josephine	Oregon
41035	Klamath	Oregon
41037	Lake	Oregon
41039	Lane	Oregon
41041	Lincoln	Oregon
41043	Linn	Oregon
41045	Malheur	Oregon
41047	Marion	Oregon
41049	Morrow	Oregon
41051	Multnomah	Oregon
41053	Polk	Oregon
41055	Sherman	Oregon
41057	Tillamook	Oregon
41059	Umatilla	Oregon
41061	Union	Oregon
41063	Wallowa	Oregon
41065	Wasco	Oregon
41067	Washington	Oregon
41069	Wheeler	Oregon
41071	Yamhill	Oregon
42001	Adams	Pennsylvania
42003	Allegheny	Pennsylvania
42005	Armstrong	Pennsylvania
42007	Beaver	Pennsylvania
42009	Bedford	Pennsylvania
42011	Berks	Pennsylvania
42013	Blair	Pennsylvania
42015	Bradford	Pennsylvania
42017	Bucks	Pennsylvania
42019	Butler	Pennsylvania
42021	Cambria	Pennsylvania
42023	Cameron	Pennsylvania
42025	Carbon	Pennsylvania
42027	Centre	Pennsylvania
42029	Chester	Pennsylvania
42031	Clarion	Pennsylvania
42033	Clearfield	Pennsylvania
42035	Clinton	Pennsylvania
42037	Columbia	Pennsylvania
42039	Crawford	Pennsylvania
42041	Cumberland	Pennsylvania
42043	Dauphin	Pennsylvania
42045	Delaware	Pennsylvania
42047	Elk	Pennsylvania
42049	Erie	Pennsylvania
42051	Fayette	Pennsylvania
42053	Forest	Pennsylvania
42055	Franklin	Pennsylvania
42057	Fulton	Pennsylvania
42059	Greene	Pennsylvania
42061	Huntingdon	Pennsylvania
42063	Indiana	Pennsylvania
42065	Jefferson	Pennsylvania
42067	Juniata	Pennsylvania
42069	Lackawanna	Pennsylvania
42071	Lancaster	Pennsylvania
42073	Lawrence	Pennsylvania
42075	Lebanon	Pennsylvania
42077	Lehigh	Pennsylvania
42079	Luzerne	Pennsylvania
42081	Lycoming	Pennsylvania
42083	McKean	Pennsylvania
42085	Mercer	Pennsylvania
42087	Mifflin	Pennsylvania
42089	Monroe	Pennsylvania
42091	Montgomery	Pennsylvania
42093	Montour	Pennsylvania
42095	Northampton	Pennsylvania
42097	Northumberland	Pennsylvania
42099	Perry	Pennsylvania
42101	Philadelphia	Pennsylvania
42103	Pike	Pennsylvania
42105	Potter	Pennsylvania
42107	Schuylkill	Pennsylvania
42109	Snyder	Pennsylvania
42111	Somerset	Pennsylvania
42113	Sullivan	Pennsylvania
42115	Susquehanna	Pennsylvania
42117	Tioga	Pennsylvania
42119	Union	Pennsylvania
42121	Venango	Pennsylvania
42123	Warren	Pennsylvania
42125	Washington	Pennsylvania
42127	Wayne	Pennsylvania
42129	Westmoreland	Pennsylvania
42131	Wyoming	Pennsylvania
42133	York	Pennsylvania
44001	Bristol	RhodeIsland
44003	Kent	RhodeIsland
44005	Newport	RhodeIsland
44007	Providence	RhodeIsland
44009	Washington	RhodeIsland
45001	Abbeville	SouthCarolina
45003	Aiken	SouthCarolina
45005	Allendale	SouthCarolina
45007	Anderson	SouthCarolina
45009	Bamberg	SouthCarolina
45011	Barnwell	SouthCarolina
45013	Beaufort	SouthCarolina
45015	Berkeley	SouthCarolina
45017	Calhoun	SouthCarolina
45019	Charleston	SouthCarolina
45021	Cherokee	SouthCarolina
45023	Chester	SouthCarolina
45025	Chesterfield	SouthCarolina
45027	Clarendon	SouthCarolina
45029	Colleton	SouthCarolina
45031	Darlington	SouthCarolina
45033	Dillon	SouthCarolina
45035	Dorchester	SouthCarolina
45037	Edgefield	SouthCarolina
45039	Fairfield	SouthCarolina
45041	Florence	SouthCarolina
45043	Georgetown	SouthCarolina
45045	Greenville	SouthCarolina
45047	Greenwood	SouthCarolina
45049	Hampton	SouthCarolina
45051	Horry	SouthCarolina
45053	Jasper	SouthCarolina
45055	Kershaw	SouthCarolina
45057	Lancaster	SouthCarolina
45059	Laurens	SouthCarolina
45061	Lee	SouthCarolina
45063	Lexington	SouthCarolina
45065	McCormick	SouthCarolina
45067	Marion	SouthCarolina
45069	Marlboro	SouthCarolina
45071	Newberry	SouthCarolina
45073	Oconee	SouthCarolina
45075	Orangeburg	SouthCarolina
45077	Pickens	SouthCarolina
45079	Richland	SouthCarolina
45081	Saluda	SouthCarolina
45083	Spartanburg	SouthCarolina
45085	Sumter	SouthCarolina
45087	Union	SouthCarolina
45089	Williamsburg	SouthCarolina
45091	York	SouthCarolina
46003	Aurora	SouthDakota
46005	Beadle	SouthDakota
46007	Bennett	SouthDakota
46009	BonHomme	SouthDakota
46011	Brookings	SouthDakota
46013	Brown	SouthDakota
46015	Brule	SouthDakota
46017	Buffalo	SouthDakota
46019	Butte	SouthDakota
46021	Campbell	SouthDakota
46023	CharlesMix	SouthDakota
46025	Clark	SouthDakota
46027	Clay	SouthDakota
46029	Codington	SouthDakota
46031	Corson	SouthDakota
46033	Custer	SouthDakota
46035	Davison	SouthDakota
46037	Day	SouthDakota
46039	Deuel	SouthDakota
46041	Dewey	SouthDakota
46043	Douglas	SouthDakota
46045	Edmunds	SouthDakota
46047	FallRiver	SouthDakota
46049	Faulk	SouthDakota
46051	Grant	SouthDakota
46053	Gregory	SouthDakota
46055	Haakon	SouthDakota
46057	Hamlin	SouthDakota
46059	Hand	SouthDakota
46061	Hanson	SouthDakota
46063	Harding	SouthDakota
46065	Hughes	SouthDakota
46067	Hutchinson	SouthDakota
46069	Hyde	SouthDakota
46071	Jackson	SouthDakota
46073	Jerauld	SouthDakota
46075	Jones	SouthDakota
46077	Kingsbury	SouthDakota
46079	Lake	SouthDakota
46081	Lawrence	SouthDakota
46083	Lincoln	SouthDakota
46085	Lyman	SouthDakota
46087	McCook	SouthDakota
46089	McPherson	SouthDakota
46091	Marshall	SouthDakota
46093	Meade	SouthDakota
46095	Mellette	SouthDakota
46097	Miner	SouthDakota
46099	Minnehaha	SouthDakota
46101	Moody	SouthDakota
46113	OglalaLakota	SouthDakota
46103	Pennington	SouthDakota
46105	Perkins	SouthDakota
46107	Potter	SouthDakota
46109	Roberts	SouthDakota
46111	Sanborn	SouthDakota
46115	Spink	SouthDakota
46117	Stanley	SouthDakota
46119	Sully	SouthDakota
46121	Todd	SouthDakota
46123	Tripp	SouthDakota
46125	Turner	SouthDakota
46127	Union	SouthDakota
46129	Walworth	SouthDakota
46135	Yankton	SouthDakota
46137	Ziebach	SouthDakota
47001	Anderson	Tennessee
47003	Bedford	Tennessee
47005	Benton	Tennessee
47007	Bledsoe	Tennessee
47009	Blount	Tennessee
47011	Bradley	Tennessee
47013	Campbell	Tennessee
47015	Cannon	Tennessee
47017	Carroll	Tennessee
47019	Carter	Tennessee
47021	Cheatham	Tennessee
47023	Chester	Tennessee
47025	Claiborne	Tennessee
47027	Clay	Tennessee
47029	Cocke	Tennessee
47031	Coffee	Tennessee
47033	Crockett	Tennessee
47035	Cumberland	Tennessee
47037	Davidson	Tennessee
47039	Decatur	Tennessee
47041	DeKalb	Tennessee
47043	Dickson	Tennessee
47045	Dyer	Tennessee
47047	Fayette	Tennessee
47049	Fentress	Tennessee
47051	Franklin	Tennessee
47053	Gibson	Tennessee
47055	Giles	Tennessee
47057	Grainger	Tennessee
47059	Greene	Tennessee
47061	Grundy	Tennessee
47063	Hamblen	Tennessee
47065	Hamilton	Tennessee
47067	Hancock	Tennessee
47069	Hardeman	Tennessee
47071	Hardin	Tennessee
47073	Hawkins	Tennessee
47075	Haywood	Tennessee
47077	Henderson	Tennessee
47079	Henry	Tennessee
47081	Hickman	Tennessee
47083	Houston	Tennessee
47085	Humphreys	Tennessee
47087	Jackson	Tennessee
47089	Jefferson	Tennessee
47091	Johnson	Tennessee
47093	Knox	Tennessee
47095	Lake	Tennessee
47097	Lauderdale	Tennessee
47099	Lawrence	Tennessee
47101	Lewis	Tennessee
47103	Lincoln	Tennessee
47105	Loudon	Tennessee
47107	McMinn	Tennessee
47109	McNairy	Tennessee
47111	Macon	Tennessee
47113	Madison	Tennessee
47115	Marion	Tennessee
47117	Marshall	Tennessee
47119	Maury	Tennessee
47121	Meigs	Tennessee
47123	Monroe	Tennessee
47125	Montgomery	Tennessee
47127	Moore	Tennessee
47129	Morgan	Tennessee
47131	Obion	Tennessee
47133	Overton	Tennessee
47135	Perry	Tennessee
47137	Pickett	Tennessee
47139	Polk	Tennessee
47141	Putnam	Tennessee
47143	Rhea	Tennessee
47145	Roane	Tennessee
47147	Robertson	Tennessee
47149	Rutherford	Tennessee
47151	Scott	Tennessee
47153	Sequatchie	Tennessee
47155	Sevier	Tennessee
47157	Shelby	Tennessee
47159	Smith	Tennessee
47161	Stewart	Tennessee
47163	Sullivan	Tennessee
47165	Sumner	Tennessee
47167	Tipton	Tennessee
47169	Trousdale	Tennessee
47171	Unicoi	Tennessee
47173	Union	Tennessee
47175	VanBuren	Tennessee
47177	Warren	Tennessee
47179	Washington	Tennessee
47181	Wayne	Tennessee
47183	Weakley	Tennessee
47185	White	Tennessee
47187	Williamson	Tennessee
47189	Wilson	Tennessee
48001	Anderson	Texas
48003	Andrews	Texas
48005	Angelina	Texas
48007	Aransas	Texas
48009	Archer	Texas
48011	Armstrong	Texas
48013	Atascosa	Texas
48015	Austin	Texas
48017	Bailey	Texas
48019	Bandera	Texas
48021	Bastrop	Texas
48023	Baylor	Texas
48025	Bee	Texas
48027	Bell	Texas
48029	Bexar	Texas
48031	Blanco	Texas
48033	Borden	Texas
48035	Bosque	Texas
48037	Bowie	Texas
48039	Brazoria	Texas
48041	Brazos	Texas
48043	Brewster	Texas
48045	Briscoe	Texas
48047	Brooks	Texas
48049	Brown	Texas
48051	Burleson	Texas
48053	Burnet	Texas
48055	Caldwell	Texas
48057	Calhoun	Texas
48059	Callahan	Texas
48061	Cameron	Texas
48063	Camp	Texas
48065	Carson	Texas
48067	Cass	Texas
48069	Castro	Texas
48071	Chambers	Texas
48073	Cherokee	Texas
48075	Childress	Texas
48077	Clay	Texas
48079	Cochran	Texas
48081	Coke	Texas
48083	Coleman	Texas
48085	Collin	Texas
48087	Collingsworth	Texas
48089	Colorado	Texas
48091	Comal	Texas
48093	Comanche	Texas
48095	Concho	Texas
48097	Cooke	Texas
48099	Coryell	Texas
48101	Cottle	Texas
48103	Crane	Texas
48105	Crockett	Texas
48107	Crosby	Texas
48109	Culberson	Texas
48111	Dallam	Texas
48113	Dallas	Texas
48115	Dawson	Texas
48117	DeafSmith	Texas
48119	Delta	Texas
48121	Denton	Texas
48123	DeWitt	Texas
48125	Dickens	Texas
48127	Dimmit	Texas
48129	Donley	Texas
48131	Duval	Texas
48133	Eastland	Texas
48135	Ector	Texas
48137	Edwards	Texas
48139	Ellis	Texas
48141	ElPaso	Texas
48143	Erath	Texas
48145	Falls	Texas
48147	Fannin	Texas
48149	Fayette	Texas
48151	Fisher	Texas
48153	Floyd	Texas
48155	Foard	Texas
48157	FortBend	Texas
48159	Franklin	Texas
48161	Freestone	Texas
48163	Frio	Texas
48165	Gaines	Texas
48167	Galveston	Texas
48169	Garza	Texas
48171	Gillespie	Texas
48173	Glasscock	Texas
48175	Goliad	Texas
48177	Gonzales	Texas
48179	Gray	Texas
48181	Grayson	Texas
48183	Gregg	Texas
48185	Grimes	Texas
48187	Guadalupe	Texas
48189	Hale	Texas
48191	Hall	Texas
48193	Hamilton	Texas
48195	Hansford	Texas
48197	Hardeman	Texas
48199	Hardin	Texas
48201	Harris	Texas
48203	Harrison	Texas
48205	Hartley	Texas
48207	Haskell	Texas
48209	Hays	Texas
48211	Hemphill	Texas
48213	Henderson	Texas
48215	Hidalgo	Texas
48217	Hill	Texas
48219	Hockley	Texas
48221	Hood	Texas
48223	Hopkins	Texas
48225	Houston	Texas
48227	Howard	Texas
48229	Hudspeth	Texas
48231	Hunt	Texas
48233	Hutchinson	Texas
48235	Irion	Texas
48237	Jack	Texas
48239	Jackson	Texas
48241	Jasper	Texas
48243	JeffDavis	Texas
48245	Jefferson	Texas
48247	JimHogg	Texas
48249	JimWells	Texas
48251	Johnson	Texas
48253	Jones	Texas
48255	Karnes	Texas
48257	Kaufman	Texas
48259	Kendall	Texas
48261	Kenedy	Texas
48263	Kent	Texas
48265	Kerr	Texas
48267	Kimble	Texas
48269	King	Texas
48271	Kinney	Texas
48273	Kleberg	Texas
48275	Knox	Texas
48277	Lamar	Texas
48279	Lamb	Texas
48281	Lampasas	Texas
48283	LaSalle	Texas
48285	Lavaca	Texas
48287	Lee	Texas
48289	Leon	Texas
48291	Liberty	Texas
48293	Limestone	Texas
48295	Lipscomb	Texas
48297	LiveOak	Texas
48299	Llano	Texas
48301	Loving	Texas
48303	Lubbock	Texas
48305	Lynn	Texas
48307	McCulloch	Texas
48309	McLennan	Texas
48311	McMullen	Texas
48313	Madison	Texas
48315	Marion	Texas
48317	Martin	Texas
48319	Mason	Texas
48321	Matagorda	Texas
48323	Maverick	Texas
48325	Medina	Texas
48327	Menard	Texas
48329	Midland	Texas
48331	Milam	Texas
48333	Mills	Texas
48335	Mitchell	Texas
48337	Montague	Texas
48339	Montgomery	Texas
48341	Moore	Texas
48343	Morris	Texas
48345	Motley	Texas
48347	Nacogdoches	Texas
48349	Navarro	Texas
48351	Newton	Texas
48353	Nolan	Texas
48355	Nueces	Texas
48357	Ochiltree	Texas
48359	Oldham	Texas
48361	Orange	Texas
48363	PaloPinto	Texas
48365	Panola	Texas
48367	Parker	Texas
48369	Parmer	Texas
48371	Pecos	Texas
48373	Polk	Texas
48375	Potter	Texas
48377	Presidio	Texas
48379	Rains	Texas
48381	Randall	Texas
48383	Reagan	Texas
48385	Real	Texas
48387	RedRiver	Texas
48389	Reeves	Texas
48391	Refugio	Texas
48393	Roberts	Texas
48395	Robertson	Texas
48397	Rockwall	Texas
48399	Runnels	Texas
48401	Rusk	Texas
48403	Sabine	Texas
48405	SanAugustine	Texas
48407	SanJacinto	Texas
48409	SanPatricio	Texas
48411	SanSaba	Texas
48413	Schleicher	Texas
48415	Scurry	Texas
48417	Shackelford	Texas
48419	Shelby	Texas
48421	Sherman	Texas
48423	Smith	Texas
48425	Somervell	Texas
48427	Starr	Texas
48429	Stephens	Texas
48431	Sterling	Texas
48433	Stonewall	Texas
48435	Sutton	Texas
48437	Swisher	Texas
48439	Tarrant	Texas
48441	Taylor	Texas
48443	Terrell	Texas
48445	Terry	Texas
48447	Throckmorton	Texas
48449	Titus	Texas
48451	TomGreen	Texas
48453	Travis	Texas
48455	Trinity	Texas
48457	Tyler	Texas
48459	Upshur	Texas
48461	Upton	Texas
48463	Uvalde	Texas
48465	ValVerde	Texas
48467	VanZandt	Texas
48469	Victoria	Texas
48471	Walker	Texas
48473	Waller	Texas
48475	Ward	Texas
48477	Washington	Texas
48479	Webb	Texas
48481	Wharton	Texas
48483	Wheeler	Texas
48485	Wichita	Texas
48487	Wilbarger	Texas
48489	Willacy	Texas
48491	Williamson	Texas
48493	Wilson	Texas
48495	Winkler	Texas
48497	Wise	Texas
48499	Wood	Texas
48501	Yoakum	Texas
48503	Young	Texas
48505	Zapata	Texas
48507	Zavala	Texas
49001	Beaver	Utah
49003	BoxElder	Utah
49005	Cache	Utah
49007	Carbon	Utah
49009	Daggett	Utah
49011	Davis	Utah
49013	Duchesne	Utah
49015	Emery	Utah
49017	Garfield	Utah
49019	Grand	Utah
49021	Iron	Utah
49023	Juab	Utah
49025	Kane	Utah
49027	Millard	Utah
49029	Morgan	Utah
49031	Piute	Utah
49033	Rich	Utah
49035	SaltLake	Utah
49037	SanJuan	Utah
49039	Sanpete	Utah
49041	Sevier	Utah
49043	Summit	Utah
49045	Tooele	Utah
49047	Uintah	Utah
49049	Utah	Utah
49051	Wasatch	Utah
49053	Washington	Utah
49055	Wayne	Utah
49057	Weber	Utah
50001	Addison	Vermont
50003	Bennington	Vermont
50005	Caledonia	Vermont
50007	Chittenden	Vermont
50009	Essex	Vermont
50011	Franklin	Vermont
50013	GrandIsle	Vermont
50015	Lamoille	Vermont
50017	Orange	Vermont
50019	Orleans	Vermont
50021	Rutland	Vermont
50023	Washington	Vermont
50025	Windham	Vermont
50027	Windsor	Vermont
51001	Accomack	Virginia
51003	Albemarle	Virginia
51005	Alleghany	Virginia
51007	Amelia	Virginia
51009	Amherst	Virginia
51011	Appomattox	Virginia
51013	Arlington	Virginia
51015	Augusta	Virginia
51017	Bath	Virginia
51019	Bedford	Virginia
51021	Bland	Virginia
51023	Botetourt	Virginia
51025	Brunswick	Virginia
51027	Buchanan	Virginia
51029	Buckingham	Virginia
51031	Campbell	Virginia
51033	Caroline	Virginia
51035	Carroll	Virginia
51036	CharlesCity	Virginia
51037	Charlotte	Virginia
51041	Chesterfield	Virginia
51043	Clarke	Virginia
51045	Craig	Virginia
51047	Culpeper	Virginia
51049	Cumberland	Virginia
51051	Dickenson	Virginia
51053	Dinwiddie	Virginia
51057	Essex	Virginia
51059	Fairfax	Virginia
51061	Fauquier	Virginia
51063	Floyd	Virginia
51065	Fluvanna	Virginia
51067	Franklin	Virginia
51069	Frederick	Virginia
51071	Giles	Virginia
51073	Gloucester	Virginia
51075	Goochland	Virginia
51077	Grayson	Virginia
51079	Greene	Virginia
51081	Greensville	Virginia
51083	Halifax	Virginia
51085	Hanover	Virginia
51087	Henrico	Virginia
51089	Henry	Virginia
51091	Highland	Virginia
51093	IsleofWight	Virginia
51095	JamesCity	Virginia
51097	KingandQueen	Virginia
51099	KingGeorge	Virginia
51101	KingWilliam	Virginia
51103	Lancaster	Virginia
51105	Lee	Virginia
51107	Loudoun	Virginia
51109	Louisa	Virginia
51111	Lunenburg	Virginia
51113	Madison	Virginia
51115	Mathews	Virginia
51117	Mecklenburg	Virginia
51119	Middlesex	Virginia
51121	Montgomery	Virginia
51125	Nelson	Virginia
51127	NewKent	Virginia
51131	Northampton	Virginia
51133	Northumberland	Virginia
51135	Nottoway	Virginia
51137	Orange	Virginia
51139	Page	Virginia
51141	Patrick	Virginia
51143	Pittsylvania	Virginia
51145	Powhatan	Virginia
51147	PrinceEdward	Virginia
51149	PrinceGeorge	Virginia
51153	PrinceWilliam	Virginia
51155	Pulaski	Virginia
51157	Rappahannock	Virginia
51159	Richmond	Virginia
51161	Roanoke	Virginia
51163	Rockbridge	Virginia
51165	Rockingham	Virginia
51167	Russell	Virginia
51169	Scott	Virginia
51171	Shenandoah	Virginia
51173	Smyth	Virginia
51175	Southampton	Virginia
51177	Spotsylvania	Virginia
51179	Stafford	Virginia
51181	Surry	Virginia
51183	Sussex	Virginia
51185	Tazewell	Virginia
51187	Warren	Virginia
51191	Washington	Virginia
51193	Westmoreland	Virginia
51195	Wise	Virginia
51197	Wythe	Virginia
51199	York	Virginia
51510	Alexandriacity	Virginia
51520	Bristolcity	Virginia
51530	BuenaVistacity	Virginia
51540	Charlottesvillecity	Virginia
51550	Chesapeakecity	Virginia
51570	ColonialHeightscity	Virginia
51580	Covingtoncity	Virginia
51590	Danvillecity	Virginia
51595	Emporiacity	Virginia
51600	Fairfaxcity	Virginia
51610	FallsChurchcity	Virginia
51620	Franklincity	Virginia
51630	Fredericksburgcity	Virginia
51640	Galaxcity	Virginia
51650	Hamptoncity	Virginia
51660	Harrisonburgcity	Virginia
51670	Hopewellcity	Virginia
51678	Lexingtoncity	Virginia
51680	Lynchburgcity	Virginia
51683	Manassascity	Virginia
51685	ManassasParkcity	Virginia
51690	Martinsvillecity	Virginia
51700	NewportNewscity	Virginia
51710	Norfolkcity	Virginia
51720	Nortoncity	Virginia
51730	Petersburgcity	Virginia
51735	Poquosoncity	Virginia
51740	Portsmouthcity	Virginia
51750	Radfordcity	Virginia
51760	Richmondcity	Virginia
51770	Roanokecity	Virginia
51775	Salemcity	Virginia
51790	Stauntoncity	Virginia
51800	Suffolkcity	Virginia
51810	VirginiaBeachcity	Virginia
51820	Waynesborocity	Virginia
51830	Williamsburgcity	Virginia
51840	Winchestercity	Virginia
53001	Adams	Washington
53003	Asotin	Washington
53005	Benton	Washington
53007	Chelan	Washington
53009	Clallam	Washington
53011	Clark	Washington
53013	Columbia	Washington
53015	Cowlitz	Washington
53017	Douglas	Washington
53019	Ferry	Washington
53021	Franklin	Washington
53023	Garfield	Washington
53025	Grant	Washington
53027	GraysHarbor	Washington
53029	Island	Washington
53031	Jefferson	Washington
53033	King	Washington
53035	Kitsap	Washington
53037	Kittitas	Washington
53039	Klickitat	Washington
53041	Lewis	Washington
53043	Lincoln	Washington
53045	Mason	Washington
53047	Okanogan	Washington
53049	Pacific	Washington
53051	PendOreille	Washington
53053	Pierce	Washington
53055	SanJuan	Washington
53057	Skagit	Washington
53059	Skamania	Washington
53061	Snohomish	Washington
53063	Spokane	Washington
53065	Stevens	Washington
53067	Thurston	Washington
53069	Wahkiakum	Washington
53071	WallaWalla	Washington
53073	Whatcom	Washington
53075	Whitman	Washington
53077	Yakima	Washington
54001	Barbour	WestVirginia
54003	Berkeley	WestVirginia
54005	Boone	WestVirginia
54007	Braxton	WestVirginia
54009	Brooke	WestVirginia
54011	Cabell	WestVirginia
54013	Calhoun	WestVirginia
54015	Clay	WestVirginia
54017	Doddridge	WestVirginia
54019	Fayette	WestVirginia
54021	Gilmer	WestVirginia
54023	Grant	WestVirginia
54025	Greenbrier	WestVirginia
54027	Hampshire	WestVirginia
54029	Hancock	WestVirginia
54031	Hardy	WestVirginia
54033	Harrison	WestVirginia
54035	Jackson	WestVirginia
54037	Jefferson	WestVirginia
54039	Kanawha	WestVirginia
54041	Lewis	WestVirginia
54043	Lincoln	WestVirginia
54045	Logan	WestVirginia
54047	McDowell	WestVirginia
54049	Marion	WestVirginia
54051	Marshall	WestVirginia
54053	Mason	WestVirginia
54055	Mercer	WestVirginia
54057	Mineral	WestVirginia
54059	Mingo	WestVirginia
54061	Monongalia	WestVirginia
54063	Monroe	WestVirginia
54065	Morgan	WestVirginia
54067	Nicholas	WestVirginia
54069	Ohio	WestVirginia
54071	Pendleton	WestVirginia
54073	Pleasants	WestVirginia
54075	Pocahontas	WestVirginia
54077	Preston	WestVirginia
54079	Putnam	WestVirginia
54081	Raleigh	WestVirginia
54083	Randolph	WestVirginia
54085	Ritchie	WestVirginia
54087	Roane	WestVirginia
54089	Summers	WestVirginia
54091	Taylor	WestVirginia
54093	Tucker	WestVirginia
54095	Tyler	WestVirginia
54097	Upshur	WestVirginia
54099	Wayne	WestVirginia
54101	Webster	WestVirginia
54103	Wetzel	WestVirginia
54105	Wirt	WestVirginia
54107	Wood	WestVirginia
54109	Wyoming	WestVirginia
55001	Adams	Wisconsin
55003	Ashland	Wisconsin
55005	Barron	Wisconsin
55007	Bayfield	Wisconsin
55009	Brown	Wisconsin
55011	Buffalo	Wisconsin
55013	Burnett	Wisconsin
55015	Calumet	Wisconsin
55017	Chippewa	Wisconsin
55019	Clark	Wisconsin
55021	Columbia	Wisconsin
55023	Crawford	Wisconsin
55025	Dane	Wisconsin
55027	Dodge	Wisconsin
55029	Door	Wisconsin
55031	Douglas	Wisconsin
55033	Dunn	Wisconsin
55035	EauClaire	Wisconsin
55037	Florence	Wisconsin
55039	FondduLac	Wisconsin
55041	Forest	Wisconsin
55043	Grant	Wisconsin
55045	Green	Wisconsin
55047	GreenLake	Wisconsin
55049	Iowa	Wisconsin
55051	Iron	Wisconsin
55053	Jackson	Wisconsin
55055	Jefferson	Wisconsin
55057	Juneau	Wisconsin
55059	Kenosha	Wisconsin
55061	Kewaunee	Wisconsin
55063	LaCrosse	Wisconsin
55065	Lafayette	Wisconsin
55067	Langlade	Wisconsin
55069	Lincoln	Wisconsin
55071	Manitowoc	Wisconsin
55073	Marathon	Wisconsin
55075	Marinette	Wisconsin
55077	Marquette	Wisconsin
55078	Menominee	Wisconsin
55079	Milwaukee	Wisconsin
55081	Monroe	Wisconsin
55083	Oconto	Wisconsin
55085	Oneida	Wisconsin
55087	Outagamie	Wisconsin
55089	Ozaukee	Wisconsin
55091	Pepin	Wisconsin
55093	Pierce	Wisconsin
55095	Polk	Wisconsin
55097	Portage	Wisconsin
55099	Price	Wisconsin
55101	Racine	Wisconsin
55103	Richland	Wisconsin
55105	Rock	Wisconsin
55107	Rusk	Wisconsin
55109	St.Croix	Wisconsin
55111	Sauk	Wisconsin
55113	Sawyer	Wisconsin
55115	Shawano	Wisconsin
55117	Sheboygan	Wisconsin
55119	Taylor	Wisconsin
55121	Trempealeau	Wisconsin
55123	Vernon	Wisconsin
55125	Vilas	Wisconsin
55127	Walworth	Wisconsin
55129	Washburn	Wisconsin
55131	Washington	Wisconsin
55133	Waukesha	Wisconsin
55135	Waupaca	Wisconsin
55137	Waushara	Wisconsin
55139	Winnebago	Wisconsin
55141	Wood	Wisconsin
56001	Albany	Wyoming
56003	BigHorn	Wyoming
56005	Campbell	Wyoming
56007	Carbon	Wyoming
56009	Converse	Wyoming
56011	Crook	Wyoming
56013	Fremont	Wyoming
56015	Goshen	Wyoming
56017	HotSprings	Wyoming
56019	Johnson	Wyoming
56021	Laramie	Wyoming
56023	Lincoln	Wyoming
56025	Natrona	Wyoming
56027	Niobrara	Wyoming
56029	Park	Wyoming
56031	Platte	Wyoming
56033	Sheridan	Wyoming
56035	Sublette	Wyoming
56037	Sweetwater	Wyoming
56039	Teton	Wyoming
56041	Uinta	Wyoming
56043	Washakie	Wyoming
56045	Weston	Wyoming